-- MySQL dump 10.13  Distrib 8.0.36, for Win64 (x86_64)
--
-- Host: localhost    Database: bdjeloska
-- ------------------------------------------------------
-- Server version	8.0.36

/*!40101 SET @OLD_CHARACTER_SET_CLIENT=@@CHARACTER_SET_CLIENT */;
/*!40101 SET @OLD_CHARACTER_SET_RESULTS=@@CHARACTER_SET_RESULTS */;
/*!40101 SET @OLD_COLLATION_CONNECTION=@@COLLATION_CONNECTION */;
/*!50503 SET NAMES utf8 */;
/*!40103 SET @OLD_TIME_ZONE=@@TIME_ZONE */;
/*!40103 SET TIME_ZONE='+00:00' */;
/*!40014 SET @OLD_UNIQUE_CHECKS=@@UNIQUE_CHECKS, UNIQUE_CHECKS=0 */;
/*!40014 SET @OLD_FOREIGN_KEY_CHECKS=@@FOREIGN_KEY_CHECKS, FOREIGN_KEY_CHECKS=0 */;
/*!40101 SET @OLD_SQL_MODE=@@SQL_MODE, SQL_MODE='NO_AUTO_VALUE_ON_ZERO' */;
/*!40111 SET @OLD_SQL_NOTES=@@SQL_NOTES, SQL_NOTES=0 */;

--
-- Table structure for table `cache`
--

DROP TABLE IF EXISTS `cache`;
/*!40101 SET @saved_cs_client     = @@character_set_client */;
/*!50503 SET character_set_client = utf8mb4 */;
CREATE TABLE `cache` (
  `key` varchar(255) COLLATE utf8mb4_unicode_ci NOT NULL,
  `value` mediumtext COLLATE utf8mb4_unicode_ci NOT NULL,
  `expiration` int NOT NULL,
  PRIMARY KEY (`key`)
) ENGINE=InnoDB DEFAULT CHARSET=utf8mb4 COLLATE=utf8mb4_unicode_ci;
/*!40101 SET character_set_client = @saved_cs_client */;

--
-- Dumping data for table `cache`
--

LOCK TABLES `cache` WRITE;
/*!40000 ALTER TABLE `cache` DISABLE KEYS */;
/*!40000 ALTER TABLE `cache` ENABLE KEYS */;
UNLOCK TABLES;

--
-- Table structure for table `cache_locks`
--

DROP TABLE IF EXISTS `cache_locks`;
/*!40101 SET @saved_cs_client     = @@character_set_client */;
/*!50503 SET character_set_client = utf8mb4 */;
CREATE TABLE `cache_locks` (
  `key` varchar(255) COLLATE utf8mb4_unicode_ci NOT NULL,
  `owner` varchar(255) COLLATE utf8mb4_unicode_ci NOT NULL,
  `expiration` int NOT NULL,
  PRIMARY KEY (`key`)
) ENGINE=InnoDB DEFAULT CHARSET=utf8mb4 COLLATE=utf8mb4_unicode_ci;
/*!40101 SET character_set_client = @saved_cs_client */;

--
-- Dumping data for table `cache_locks`
--

LOCK TABLES `cache_locks` WRITE;
/*!40000 ALTER TABLE `cache_locks` DISABLE KEYS */;
/*!40000 ALTER TABLE `cache_locks` ENABLE KEYS */;
UNLOCK TABLES;

--
-- Table structure for table `cuenta_bancarias`
--

DROP TABLE IF EXISTS `cuenta_bancarias`;
/*!40101 SET @saved_cs_client     = @@character_set_client */;
/*!50503 SET character_set_client = utf8mb4 */;
CREATE TABLE `cuenta_bancarias` (
  `id` bigint unsigned NOT NULL AUTO_INCREMENT,
  `created_at` timestamp NULL DEFAULT NULL,
  `updated_at` timestamp NULL DEFAULT NULL,
  PRIMARY KEY (`id`)
) ENGINE=InnoDB DEFAULT CHARSET=utf8mb4 COLLATE=utf8mb4_unicode_ci;
/*!40101 SET character_set_client = @saved_cs_client */;

--
-- Dumping data for table `cuenta_bancarias`
--

LOCK TABLES `cuenta_bancarias` WRITE;
/*!40000 ALTER TABLE `cuenta_bancarias` DISABLE KEYS */;
/*!40000 ALTER TABLE `cuenta_bancarias` ENABLE KEYS */;
UNLOCK TABLES;

--
-- Table structure for table `cuentas_bancarias`
--

DROP TABLE IF EXISTS `cuentas_bancarias`;
/*!40101 SET @saved_cs_client     = @@character_set_client */;
/*!50503 SET character_set_client = utf8mb4 */;
CREATE TABLE `cuentas_bancarias` (
  `id` bigint unsigned NOT NULL AUTO_INCREMENT,
  `persona_id` bigint unsigned NOT NULL,
  `tipo_cuenta` varchar(255) COLLATE utf8mb4_unicode_ci NOT NULL,
  `saldo` decimal(10,2) NOT NULL,
  `moneda` varchar(255) COLLATE utf8mb4_unicode_ci NOT NULL,
  `created_at` timestamp NULL DEFAULT NULL,
  `updated_at` timestamp NULL DEFAULT NULL,
  PRIMARY KEY (`id`),
  KEY `cuentas_bancarias_persona_id_foreign` (`persona_id`),
  CONSTRAINT `cuentas_bancarias_persona_id_foreign` FOREIGN KEY (`persona_id`) REFERENCES `personas` (`id`) ON DELETE CASCADE
) ENGINE=InnoDB AUTO_INCREMENT=129 DEFAULT CHARSET=utf8mb4 COLLATE=utf8mb4_unicode_ci;
/*!40101 SET character_set_client = @saved_cs_client */;

--
-- Dumping data for table `cuentas_bancarias`
--

LOCK TABLES `cuentas_bancarias` WRITE;
/*!40000 ALTER TABLE `cuentas_bancarias` DISABLE KEYS */;
INSERT INTO `cuentas_bancarias` VALUES (1,11,'ahorro',700.00,'USD','2024-04-20 07:58:31','2024-04-21 07:18:29'),(2,11,'corriente',2553.10,'EUR','2024-04-20 07:58:31','2024-04-20 07:58:31'),(3,23,'ahorro',1034.87,'EUR','2024-04-20 07:58:31','2024-04-20 07:58:31'),(4,24,'inversión',6459.04,'BOB','2024-04-20 07:58:31','2024-04-20 07:58:31'),(5,25,'ahorro',686.85,'USD','2024-04-20 07:58:31','2024-04-20 07:58:31'),(6,26,'corriente',2576.10,'BOB','2024-04-20 07:58:31','2024-04-20 07:58:31'),(7,27,'ahorro',2136.68,'USD','2024-04-20 07:58:31','2024-04-20 07:58:31'),(8,28,'corriente',1989.91,'EUR','2024-04-20 08:02:31','2024-04-20 08:02:31'),(9,28,'corriente',8813.01,'USD','2024-04-20 08:02:31','2024-04-20 08:02:31'),(10,40,'corriente',8172.77,'USD','2024-04-20 08:02:31','2024-04-20 08:02:31'),(11,41,'ahorro',9495.24,'EUR','2024-04-20 08:02:31','2024-04-20 08:02:31'),(12,42,'inversión',7456.13,'EUR','2024-04-20 08:02:31','2024-04-20 08:02:31'),(13,43,'corriente',1842.25,'EUR','2024-04-20 08:02:31','2024-04-20 08:02:31'),(14,44,'inversión',7677.12,'BOB','2024-04-20 08:02:31','2024-04-20 08:02:31'),(15,45,'inversión',2593.19,'EUR','2024-04-20 08:02:31','2024-04-20 08:02:31'),(16,46,'inversión',2464.86,'USD','2024-04-20 08:02:31','2024-04-20 08:02:31'),(17,47,'inversión',1384.67,'USD','2024-04-20 08:02:31','2024-04-20 08:02:31'),(18,48,'inversión',9720.57,'USD','2024-04-20 08:02:31','2024-04-20 08:02:31'),(19,49,'inversión',8320.52,'BOB','2024-04-20 08:02:31','2024-04-20 08:02:31'),(20,29,'corriente',3604.95,'BOB','2024-04-20 08:02:31','2024-04-20 08:02:31'),(21,29,'ahorro',5199.97,'USD','2024-04-20 08:02:31','2024-04-20 08:02:31'),(22,52,'ahorro',2604.48,'USD','2024-04-20 08:02:31','2024-04-20 08:02:31'),(23,53,'inversión',2722.37,'BOB','2024-04-20 08:02:31','2024-04-20 08:02:31'),(24,54,'ahorro',8589.36,'BOB','2024-04-20 08:02:31','2024-04-20 08:02:31'),(25,55,'corriente',3026.32,'EUR','2024-04-20 08:02:31','2024-04-20 08:02:31'),(26,56,'inversión',1545.28,'BOB','2024-04-20 08:02:31','2024-04-20 08:02:31'),(27,57,'inversión',7950.75,'USD','2024-04-20 08:02:31','2024-04-20 08:02:31'),(28,58,'inversión',5941.97,'BOB','2024-04-20 08:02:31','2024-04-20 08:02:31'),(29,59,'ahorro',2054.72,'USD','2024-04-20 08:02:31','2024-04-20 08:02:31'),(30,60,'corriente',7834.82,'EUR','2024-04-20 08:02:31','2024-04-20 08:02:31'),(31,61,'corriente',2178.32,'BOB','2024-04-20 08:02:31','2024-04-20 08:02:31'),(32,30,'corriente',5870.43,'BOB','2024-04-20 08:02:31','2024-04-20 08:02:31'),(33,30,'ahorro',3462.68,'EUR','2024-04-20 08:02:31','2024-04-20 08:02:31'),(34,64,'ahorro',6803.85,'USD','2024-04-20 08:02:31','2024-04-20 08:02:31'),(35,65,'inversión',6309.64,'USD','2024-04-20 08:02:31','2024-04-20 08:02:31'),(36,66,'inversión',8038.70,'USD','2024-04-20 08:02:31','2024-04-20 08:02:31'),(37,67,'corriente',3885.03,'EUR','2024-04-20 08:02:31','2024-04-20 08:02:31'),(38,68,'corriente',7355.89,'EUR','2024-04-20 08:02:31','2024-04-20 08:02:31'),(39,69,'corriente',398.89,'BOB','2024-04-20 08:02:31','2024-04-20 08:02:31'),(40,70,'ahorro',9145.75,'BOB','2024-04-20 08:02:31','2024-04-20 08:02:31'),(41,71,'corriente',1817.27,'USD','2024-04-20 08:02:31','2024-04-20 08:02:31'),(42,72,'ahorro',936.15,'EUR','2024-04-20 08:02:31','2024-04-20 08:02:31'),(43,73,'inversión',5681.49,'EUR','2024-04-20 08:02:31','2024-04-20 08:02:31'),(44,31,'ahorro',3005.65,'USD','2024-04-20 08:02:31','2024-04-20 08:02:31'),(45,31,'corriente',6681.22,'USD','2024-04-20 08:02:31','2024-04-20 08:02:31'),(46,76,'ahorro',9629.81,'BOB','2024-04-20 08:02:31','2024-04-20 08:02:31'),(47,77,'ahorro',4089.21,'BOB','2024-04-20 08:02:31','2024-04-20 08:02:31'),(48,78,'ahorro',7332.70,'BOB','2024-04-20 08:02:31','2024-04-20 08:02:31'),(49,79,'inversión',996.08,'BOB','2024-04-20 08:02:31','2024-04-20 08:02:31'),(50,80,'ahorro',856.96,'EUR','2024-04-20 08:02:31','2024-04-20 08:02:31'),(51,81,'corriente',2386.41,'EUR','2024-04-20 08:02:31','2024-04-20 08:02:31'),(52,82,'ahorro',2680.44,'EUR','2024-04-20 08:02:31','2024-04-20 08:02:31'),(53,83,'corriente',3831.34,'USD','2024-04-20 08:02:31','2024-04-20 08:02:31'),(54,84,'inversión',3497.47,'EUR','2024-04-20 08:02:31','2024-04-20 08:02:31'),(55,85,'ahorro',705.03,'BOB','2024-04-20 08:02:31','2024-04-20 08:02:31'),(56,32,'corriente',4996.40,'EUR','2024-04-20 08:02:31','2024-04-20 08:02:31'),(57,32,'inversión',7614.05,'BOB','2024-04-20 08:02:31','2024-04-20 08:02:31'),(58,88,'inversión',4677.16,'USD','2024-04-20 08:02:31','2024-04-20 08:02:31'),(59,89,'corriente',1927.52,'USD','2024-04-20 08:02:31','2024-04-20 08:02:31'),(60,90,'ahorro',9524.25,'BOB','2024-04-20 08:02:31','2024-04-20 08:02:31'),(61,91,'inversión',5798.57,'BOB','2024-04-20 08:02:31','2024-04-20 08:02:31'),(62,92,'ahorro',1874.92,'BOB','2024-04-20 08:02:31','2024-04-20 08:02:31'),(63,93,'ahorro',6058.48,'EUR','2024-04-20 08:02:31','2024-04-20 08:02:31'),(64,94,'ahorro',2888.33,'EUR','2024-04-20 08:02:31','2024-04-20 08:02:31'),(65,95,'corriente',6159.24,'BOB','2024-04-20 08:02:31','2024-04-20 08:02:31'),(66,96,'ahorro',2325.68,'USD','2024-04-20 08:02:31','2024-04-20 08:02:31'),(67,97,'ahorro',715.96,'EUR','2024-04-20 08:02:31','2024-04-20 08:02:31'),(68,33,'corriente',9421.36,'BOB','2024-04-20 08:02:31','2024-04-20 08:02:31'),(69,33,'corriente',4180.08,'USD','2024-04-20 08:02:31','2024-04-20 08:02:31'),(70,100,'ahorro',5478.45,'EUR','2024-04-20 08:02:31','2024-04-20 08:02:31'),(71,101,'corriente',4195.76,'USD','2024-04-20 08:02:31','2024-04-20 08:02:31'),(72,102,'corriente',6266.69,'EUR','2024-04-20 08:02:31','2024-04-20 08:02:31'),(73,103,'corriente',6510.98,'BOB','2024-04-20 08:02:31','2024-04-20 08:02:31'),(74,104,'ahorro',5751.34,'USD','2024-04-20 08:02:31','2024-04-20 08:02:31'),(75,105,'corriente',1787.30,'EUR','2024-04-20 08:02:31','2024-04-20 08:02:31'),(76,106,'ahorro',1636.65,'USD','2024-04-20 08:02:31','2024-04-20 08:02:31'),(77,107,'ahorro',5652.93,'EUR','2024-04-20 08:02:31','2024-04-20 08:02:31'),(78,108,'corriente',5186.27,'BOB','2024-04-20 08:02:31','2024-04-20 08:02:31'),(79,109,'ahorro',3513.04,'BOB','2024-04-20 08:02:31','2024-04-20 08:02:31'),(80,34,'ahorro',5342.59,'USD','2024-04-20 08:02:31','2024-04-20 08:02:31'),(81,34,'ahorro',7434.76,'EUR','2024-04-20 08:02:31','2024-04-20 08:02:31'),(82,112,'ahorro',6814.09,'USD','2024-04-20 08:02:31','2024-04-20 08:02:31'),(83,113,'inversión',728.27,'EUR','2024-04-20 08:02:31','2024-04-20 08:02:31'),(84,114,'inversión',5677.76,'USD','2024-04-20 08:02:31','2024-04-20 08:02:31'),(85,115,'inversión',8308.13,'USD','2024-04-20 08:02:31','2024-04-20 08:02:31'),(86,116,'ahorro',3759.46,'BOB','2024-04-20 08:02:31','2024-04-20 08:02:31'),(87,117,'ahorro',2203.04,'EUR','2024-04-20 08:02:31','2024-04-20 08:02:31'),(88,118,'ahorro',1944.76,'EUR','2024-04-20 08:02:31','2024-04-20 08:02:31'),(89,119,'inversión',4216.52,'BOB','2024-04-20 08:02:31','2024-04-20 08:02:31'),(90,120,'inversión',4053.11,'EUR','2024-04-20 08:02:31','2024-04-20 08:02:31'),(91,121,'ahorro',6619.93,'USD','2024-04-20 08:02:31','2024-04-20 08:02:31'),(92,35,'ahorro',2777.65,'EUR','2024-04-20 08:02:31','2024-04-20 08:02:31'),(93,35,'inversión',1939.57,'EUR','2024-04-20 08:02:31','2024-04-20 08:02:31'),(94,124,'inversión',8552.88,'BOB','2024-04-20 08:02:31','2024-04-20 08:02:31'),(95,125,'corriente',6493.38,'EUR','2024-04-20 08:02:31','2024-04-20 08:02:31'),(96,126,'ahorro',3518.40,'EUR','2024-04-20 08:02:31','2024-04-20 08:02:31'),(97,127,'ahorro',1022.16,'USD','2024-04-20 08:02:31','2024-04-20 08:02:31'),(98,128,'inversión',6098.26,'USD','2024-04-20 08:02:31','2024-04-20 08:02:31'),(99,129,'ahorro',745.63,'BOB','2024-04-20 08:02:31','2024-04-20 08:02:31'),(100,130,'ahorro',1301.85,'EUR','2024-04-20 08:02:31','2024-04-20 08:02:31'),(101,131,'ahorro',129.63,'USD','2024-04-20 08:02:31','2024-04-20 08:02:31'),(102,132,'inversión',2848.47,'BOB','2024-04-20 08:02:31','2024-04-20 08:02:31'),(103,133,'inversión',9580.57,'USD','2024-04-20 08:02:31','2024-04-20 08:02:31'),(104,36,'inversión',1456.70,'USD','2024-04-20 08:02:31','2024-04-20 08:02:31'),(105,36,'inversión',7189.19,'EUR','2024-04-20 08:02:31','2024-04-20 08:02:31'),(106,136,'corriente',6697.74,'EUR','2024-04-20 08:02:31','2024-04-20 08:02:31'),(107,137,'inversión',7901.06,'USD','2024-04-20 08:02:31','2024-04-20 08:02:31'),(108,138,'inversión',9964.61,'USD','2024-04-20 08:02:31','2024-04-20 08:02:31'),(109,139,'inversión',6685.62,'BOB','2024-04-20 08:02:31','2024-04-20 08:02:31'),(110,140,'ahorro',3105.41,'EUR','2024-04-20 08:02:31','2024-04-20 08:02:31'),(111,141,'corriente',238.56,'EUR','2024-04-20 08:02:31','2024-04-20 08:02:31'),(112,142,'inversión',8354.82,'BOB','2024-04-20 08:02:31','2024-04-20 08:02:31'),(113,143,'ahorro',1869.31,'BOB','2024-04-20 08:02:31','2024-04-20 08:02:31'),(114,144,'inversión',8611.93,'BOB','2024-04-20 08:02:31','2024-04-20 08:02:31'),(115,145,'corriente',7637.23,'EUR','2024-04-20 08:02:31','2024-04-20 08:02:31'),(116,37,'ahorro',3581.37,'USD','2024-04-20 08:02:31','2024-04-20 08:02:31'),(117,37,'inversión',478.94,'BOB','2024-04-20 08:02:31','2024-04-20 08:02:31'),(118,148,'inversión',4967.78,'USD','2024-04-20 08:02:31','2024-04-20 08:02:31'),(119,149,'inversión',9124.52,'EUR','2024-04-20 08:02:31','2024-04-20 08:02:31'),(120,150,'corriente',3308.71,'USD','2024-04-20 08:02:31','2024-04-20 08:02:31'),(121,151,'ahorro',7566.91,'EUR','2024-04-20 08:02:31','2024-04-20 08:02:31'),(122,152,'ahorro',2867.29,'USD','2024-04-20 08:02:31','2024-04-20 08:02:31'),(123,153,'ahorro',1283.76,'EUR','2024-04-20 08:02:31','2024-04-20 08:02:31'),(124,154,'corriente',1939.08,'EUR','2024-04-20 08:02:31','2024-04-20 08:02:31'),(125,155,'ahorro',9576.27,'USD','2024-04-20 08:02:31','2024-04-20 08:02:31'),(126,156,'inversión',8301.15,'EUR','2024-04-20 08:02:31','2024-04-20 08:02:31'),(127,157,'ahorro',2744.43,'USD','2024-04-20 08:02:31','2024-04-20 08:02:31'),(128,2,'ahorro',1200.00,'USD','2024-04-21 07:04:58','2024-04-21 07:04:58');
/*!40000 ALTER TABLE `cuentas_bancarias` ENABLE KEYS */;
UNLOCK TABLES;

--
-- Table structure for table `failed_jobs`
--

DROP TABLE IF EXISTS `failed_jobs`;
/*!40101 SET @saved_cs_client     = @@character_set_client */;
/*!50503 SET character_set_client = utf8mb4 */;
CREATE TABLE `failed_jobs` (
  `id` bigint unsigned NOT NULL AUTO_INCREMENT,
  `uuid` varchar(255) COLLATE utf8mb4_unicode_ci NOT NULL,
  `connection` text COLLATE utf8mb4_unicode_ci NOT NULL,
  `queue` text COLLATE utf8mb4_unicode_ci NOT NULL,
  `payload` longtext COLLATE utf8mb4_unicode_ci NOT NULL,
  `exception` longtext COLLATE utf8mb4_unicode_ci NOT NULL,
  `failed_at` timestamp NOT NULL DEFAULT CURRENT_TIMESTAMP,
  PRIMARY KEY (`id`),
  UNIQUE KEY `failed_jobs_uuid_unique` (`uuid`)
) ENGINE=InnoDB DEFAULT CHARSET=utf8mb4 COLLATE=utf8mb4_unicode_ci;
/*!40101 SET character_set_client = @saved_cs_client */;

--
-- Dumping data for table `failed_jobs`
--

LOCK TABLES `failed_jobs` WRITE;
/*!40000 ALTER TABLE `failed_jobs` DISABLE KEYS */;
/*!40000 ALTER TABLE `failed_jobs` ENABLE KEYS */;
UNLOCK TABLES;

--
-- Table structure for table `job_batches`
--

DROP TABLE IF EXISTS `job_batches`;
/*!40101 SET @saved_cs_client     = @@character_set_client */;
/*!50503 SET character_set_client = utf8mb4 */;
CREATE TABLE `job_batches` (
  `id` varchar(255) COLLATE utf8mb4_unicode_ci NOT NULL,
  `name` varchar(255) COLLATE utf8mb4_unicode_ci NOT NULL,
  `total_jobs` int NOT NULL,
  `pending_jobs` int NOT NULL,
  `failed_jobs` int NOT NULL,
  `failed_job_ids` longtext COLLATE utf8mb4_unicode_ci NOT NULL,
  `options` mediumtext COLLATE utf8mb4_unicode_ci,
  `cancelled_at` int DEFAULT NULL,
  `created_at` int NOT NULL,
  `finished_at` int DEFAULT NULL,
  PRIMARY KEY (`id`)
) ENGINE=InnoDB DEFAULT CHARSET=utf8mb4 COLLATE=utf8mb4_unicode_ci;
/*!40101 SET character_set_client = @saved_cs_client */;

--
-- Dumping data for table `job_batches`
--

LOCK TABLES `job_batches` WRITE;
/*!40000 ALTER TABLE `job_batches` DISABLE KEYS */;
/*!40000 ALTER TABLE `job_batches` ENABLE KEYS */;
UNLOCK TABLES;

--
-- Table structure for table `jobs`
--

DROP TABLE IF EXISTS `jobs`;
/*!40101 SET @saved_cs_client     = @@character_set_client */;
/*!50503 SET character_set_client = utf8mb4 */;
CREATE TABLE `jobs` (
  `id` bigint unsigned NOT NULL AUTO_INCREMENT,
  `queue` varchar(255) COLLATE utf8mb4_unicode_ci NOT NULL,
  `payload` longtext COLLATE utf8mb4_unicode_ci NOT NULL,
  `attempts` tinyint unsigned NOT NULL,
  `reserved_at` int unsigned DEFAULT NULL,
  `available_at` int unsigned NOT NULL,
  `created_at` int unsigned NOT NULL,
  PRIMARY KEY (`id`),
  KEY `jobs_queue_index` (`queue`)
) ENGINE=InnoDB DEFAULT CHARSET=utf8mb4 COLLATE=utf8mb4_unicode_ci;
/*!40101 SET character_set_client = @saved_cs_client */;

--
-- Dumping data for table `jobs`
--

LOCK TABLES `jobs` WRITE;
/*!40000 ALTER TABLE `jobs` DISABLE KEYS */;
/*!40000 ALTER TABLE `jobs` ENABLE KEYS */;
UNLOCK TABLES;

--
-- Table structure for table `migrations`
--

DROP TABLE IF EXISTS `migrations`;
/*!40101 SET @saved_cs_client     = @@character_set_client */;
/*!50503 SET character_set_client = utf8mb4 */;
CREATE TABLE `migrations` (
  `id` int unsigned NOT NULL AUTO_INCREMENT,
  `migration` varchar(255) COLLATE utf8mb4_unicode_ci NOT NULL,
  `batch` int NOT NULL,
  PRIMARY KEY (`id`)
) ENGINE=InnoDB AUTO_INCREMENT=14 DEFAULT CHARSET=utf8mb4 COLLATE=utf8mb4_unicode_ci;
/*!40101 SET character_set_client = @saved_cs_client */;

--
-- Dumping data for table `migrations`
--

LOCK TABLES `migrations` WRITE;
/*!40000 ALTER TABLE `migrations` DISABLE KEYS */;
INSERT INTO `migrations` VALUES (1,'0001_01_01_000000_create_users_table',1),(2,'0001_01_01_000001_create_cache_table',1),(3,'0001_01_01_000002_create_jobs_table',1),(4,'2024_04_19_230000_create_personas_table',1),(5,'2024_04_19_231914_create_cuenta_bancarias_table',1),(6,'2024_04_19_231914_create_transaccions_table',1),(7,'2024_04_20_192913_create_cuenta_bancarias_table',2),(8,'2024_04_20_192913_create_personas_table',3),(9,'2024_04_20_192913_create_transaccions_table',3),(10,'2024_05_05_014946_add_persona_id_to_users_table',3),(11,'2024_05_05_021609_add_role_to_users_table',4),(12,'2024_05_05_024031_update_users_table',5),(13,'2024_05_05_064146_add_departamento_to_personas_table',6);
/*!40000 ALTER TABLE `migrations` ENABLE KEYS */;
UNLOCK TABLES;

--
-- Table structure for table `password_reset_tokens`
--

DROP TABLE IF EXISTS `password_reset_tokens`;
/*!40101 SET @saved_cs_client     = @@character_set_client */;
/*!50503 SET character_set_client = utf8mb4 */;
CREATE TABLE `password_reset_tokens` (
  `email` varchar(255) COLLATE utf8mb4_unicode_ci NOT NULL,
  `token` varchar(255) COLLATE utf8mb4_unicode_ci NOT NULL,
  `created_at` timestamp NULL DEFAULT NULL,
  PRIMARY KEY (`email`)
) ENGINE=InnoDB DEFAULT CHARSET=utf8mb4 COLLATE=utf8mb4_unicode_ci;
/*!40101 SET character_set_client = @saved_cs_client */;

--
-- Dumping data for table `password_reset_tokens`
--

LOCK TABLES `password_reset_tokens` WRITE;
/*!40000 ALTER TABLE `password_reset_tokens` DISABLE KEYS */;
/*!40000 ALTER TABLE `password_reset_tokens` ENABLE KEYS */;
UNLOCK TABLES;

--
-- Table structure for table `personas`
--

DROP TABLE IF EXISTS `personas`;
/*!40101 SET @saved_cs_client     = @@character_set_client */;
/*!50503 SET character_set_client = utf8mb4 */;
CREATE TABLE `personas` (
  `id` bigint unsigned NOT NULL AUTO_INCREMENT,
  `nombre` varchar(255) COLLATE utf8mb4_unicode_ci NOT NULL,
  `apellido` varchar(255) COLLATE utf8mb4_unicode_ci NOT NULL,
  `fecha_nacimiento` date NOT NULL,
  `documento_identidad` varchar(255) COLLATE utf8mb4_unicode_ci NOT NULL,
  `direccion` varchar(255) COLLATE utf8mb4_unicode_ci NOT NULL,
  `telefono` varchar(255) COLLATE utf8mb4_unicode_ci NOT NULL,
  `email` varchar(255) COLLATE utf8mb4_unicode_ci NOT NULL,
  `created_at` timestamp NULL DEFAULT NULL,
  `updated_at` timestamp NULL DEFAULT NULL,
  `departamento` varchar(255) COLLATE utf8mb4_unicode_ci DEFAULT NULL,
  PRIMARY KEY (`id`),
  UNIQUE KEY `personas_documento_identidad_unique` (`documento_identidad`),
  UNIQUE KEY `personas_email_unique` (`email`)
) ENGINE=InnoDB AUTO_INCREMENT=191 DEFAULT CHARSET=utf8mb4 COLLATE=utf8mb4_unicode_ci;
/*!40101 SET character_set_client = @saved_cs_client */;

--
-- Dumping data for table `personas`
--

LOCK TABLES `personas` WRITE;
/*!40000 ALTER TABLE `personas` DISABLE KEYS */;
INSERT INTO `personas` VALUES (2,'Annalise','Kling','1970-05-24','13935884','42676 Giovanna LocksEast Deanview, GA 95361-4947','+1 (551) 369-0266','felicity.ohara@example.org','2024-04-20 07:21:48','2024-05-05 11:11:45','Santa Cruz'),(3,'Johan','Quigley','1996-10-23','01977344','22483 Moen Fields\nPort Troy, IA 63563','458-408-3171','corrine.wiza@example.net','2024-04-20 07:21:48','2024-05-05 11:11:45','Tarija'),(4,'Tracey','Denesik','2007-03-04','07907526','67102 Nicolette Plain\nNew Sallie, MT 48500','(341) 464-4138','jazmyn.kuphal@example.net','2024-04-20 07:21:48','2024-05-05 11:11:45','Cochabamba'),(5,'Ken','Fisher','2001-07-01','05840565','94068 Chanel Prairie\nAudramouth, LA 25431-8500','1-386-904-0869','hilpert.janelle@example.net','2024-04-20 07:21:48','2024-05-05 11:11:45','Tarija'),(6,'Cynthia','Green','2002-01-18','48254213','100 Domenick Point\nLake Brent, LA 98086-1829','1-980-934-9108','kamille.johnston@example.com','2024-04-20 07:21:48','2024-05-05 11:11:45','Cochabamba'),(7,'string','string','2024-05-05','string','string','string','string','2024-05-05 20:51:38','2024-05-05 20:51:38','string'),(8,'Sherwood','Larson','1973-03-04','38358295','2834 Boyer Common Apt. 870\nNew Dorisside, AK 39386','970.489.7687','sylvester16@example.net','2024-04-20 07:21:48','2024-05-05 11:11:45','Pando'),(9,'Helene','Rath','1985-06-14','69377269','41381 Jack Expressway Apt. 124\nWest Rodolfo, MO 40954','(424) 901-9883','torrance12@example.com','2024-04-20 07:21:48','2024-05-05 11:11:45','Tarija'),(10,'Khalid','O\'Conner','2023-12-22','46180818','1947 Minnie Creek Suite 304\nWest Devanfort, MN 60474-8795','(323) 397-8332','frida48@example.net','2024-04-20 07:21:48','2024-05-05 11:11:45','Tarija'),(11,'Andrew','Corkery','2019-04-25','53413368','84696 Melody PlainHarberburgh, AR 38099-1768','+1 (781) 917-9103','isabella.dibbert@example.net','2024-04-20 07:58:31','2024-05-05 21:25:37','La Paz'),(12,'Bella','Rippin','1995-09-03','55343720','872 McKenzie Locks\nAiyanabury, WI 26553-9119','(423) 391-4987','goyette.katheryn@example.com','2024-04-20 07:58:31','2024-05-05 11:11:45','Chuquisaca'),(13,'Clinton','Marvin','2021-10-11','92077324','1746 Ziemann Plains\nGwenside, MN 10707','(478) 370-2105','gaylord.hallie@example.com','2024-04-20 07:58:31','2024-05-05 11:11:45','La Paz'),(14,'Luz','Fritsch','2003-09-13','03798502','96385 Pierre Grove\nDurganside, MT 80710-0230','+1.463.654.0941','kallie.bruen@example.com','2024-04-20 07:58:31','2024-05-05 11:11:45','Tarija'),(15,'Luna','Nicolas','2023-10-20','13811002','55776 Carter Extensions\nO\'Harastad, OR 42880-8134','716.816.5865','teresa.carter@example.net','2024-04-20 07:58:31','2024-05-05 11:11:45','Chuquisaca'),(16,'Barney','Leannon','2007-10-29','08811102','7656 Hermina Alley Suite 288\nSouth Magnoliafurt, DC 59639','(949) 991-8065','upton.bret@example.net','2024-04-20 07:58:31','2024-05-05 11:11:45','Chuquisaca'),(17,'Angela','Deckow','1999-06-12','25891172','6838 Monahan Brook Apt. 847\nNorth Shayleeton, MO 44781-0877','1-830-322-3894','humberto.treutel@example.org','2024-04-20 07:58:31','2024-05-05 11:11:45','Cochabamba'),(18,'Lolita','Fadel','1992-07-08','53992271','1174 Watsica Streets Suite 060\nNorth Delfina, OH 17824-1468','+1 (680) 218-8261','von.meghan@example.org','2024-04-20 07:58:31','2024-05-05 11:11:45','Potosí'),(19,'Norene','Pollich','1975-08-25','42739956','81222 Yessenia Drive Suite 410\nWest Mitchelstad, NH 01963-9939','1-928-328-1361','ischinner@example.net','2024-04-20 07:58:31','2024-05-05 11:11:45','Cochabamba'),(20,'Darrell','Sanford','1996-03-14','09671778','30005 Abdul Lake Apt. 776\nNorth Verniebury, OR 67128-3033','+1 (606) 862-3436','clockman@example.com','2024-04-20 07:58:31','2024-05-05 11:11:45','Oruro'),(21,'Abner','Walsh','1986-10-05','14140723','50877 Welch Heights Suite 085\nSouth Giovanniport, AZ 96438','+1.680.667.3807','eudora.rice@example.com','2024-04-20 07:58:31','2024-05-05 11:11:45','La Paz'),(22,'Nina','Stehr','1970-07-24','70336903','55827 Carter Coves Suite 844\nEast Susantown, WY 46443','1-734-909-1424','daniel.darlene@example.com','2024-04-20 07:58:31','2024-05-05 11:11:45','La Paz'),(23,'Donna','VonRueden','2019-10-02','24194490','632 Barton Crossing Suite 762\nEast Chayamouth, LA 43058','+1 (845) 600-5055','meta.treutel@example.com','2024-04-20 07:58:31','2024-05-05 11:11:45','Santa Cruz'),(24,'Sonia','King','1985-02-14','32744702','23540 Danika Flat Suite 991\nJudsonborough, CA 60846-7139','(423) 798-5106','lemke.bridie@example.com','2024-04-20 07:58:31','2024-05-05 11:09:32','Beni'),(25,'Myah','Dickens','2014-09-12','45307804','926 Ondricka Drives Apt. 635\nRitchieville, IA 33825-8022','1-516-879-3806','tyrique.sipes@example.com','2024-04-20 07:58:31','2024-05-05 11:11:45','La Paz'),(26,'Oma','Bernier','1979-03-02','54683034','8898 Myriam Land Suite 551\nSouth Delbertfort, CA 29939-7668','657-883-6878','schneider.theresia@example.net','2024-04-20 07:58:31','2024-05-05 11:11:45','La Paz'),(27,'Cary','Ryan','1984-02-09','92999067','893 Janae Motorway\nPort Robynfort, WA 80738-0185','(959) 761-1057','schinner.macy@example.org','2024-04-20 07:58:31','2024-05-05 11:11:45','Santa Cruz'),(28,'Tiara','Wunsch','2009-05-22','09569546','3814 Reinger Unions\nHicklestad, UT 48178-4149','+13869319937','blick.alvis@example.net','2024-04-20 08:02:31','2024-05-05 11:11:45','La Paz'),(29,'Kaylie','Nienow','2007-02-02','25473618','64240 Meghan Views Suite 756\nSouth Lela, NV 96773','1-534-586-6606','zokon@example.com','2024-04-20 08:02:31','2024-05-05 11:11:45','Tarija'),(30,'Bridie','Ruecker','1994-06-04','61692248','965 Colleen Dam\nSouth Lila, AZ 60075-6922','1-575-600-5954','spencer92@example.com','2024-04-20 08:02:31','2024-05-05 11:09:32','Beni'),(31,'Lorenzo','Ledner','1981-07-22','99716552','30872 Stamm Rest Suite 090\nMadelynnland, WY 40312','+1-678-749-5364','rippin.luella@example.com','2024-04-20 08:02:31','2024-05-05 11:11:45','Tarija'),(32,'Tito','Schulist','2014-08-01','26742664','6595 Foster Junctions Apt. 292\nJuniusshire, WV 51493','956-616-2818','bode.larue@example.com','2024-04-20 08:02:31','2024-05-05 11:11:45','Cochabamba'),(33,'Moses','Zboncak','1985-05-09','20837395','59141 Von Tunnel\nPort Princeside, CA 90531','+1.843.914.3478','wreichert@example.net','2024-04-20 08:02:31','2024-05-05 11:11:45','Chuquisaca'),(34,'Collin','Gerhold','1986-02-06','47525514','82377 Goldner Shoal\nEwellborough, MT 05208','+12407941861','prohaska.charlie@example.com','2024-04-20 08:02:31','2024-05-05 11:11:45','Cochabamba'),(35,'Ocie','Rempel','1971-03-06','15485598','33807 Kaelyn Heights Suite 617\nFabianhaven, SD 71324','(267) 374-1793','dee.mann@example.com','2024-04-20 08:02:31','2024-05-05 11:11:45','Chuquisaca'),(36,'Scarlett','Murray','2015-03-15','62304444','21189 Zelda Valley Apt. 788\nNew Estelside, VT 66234-2837','(952) 753-9530','jarrod92@example.com','2024-04-20 08:02:31','2024-05-05 11:11:45','Tarija'),(37,'Britney','Pfannerstill','1971-05-04','64979059','291 Dallin Isle\nLawsonside, PA 32639','334-745-7559','whagenes@example.net','2024-04-20 08:02:31','2024-05-05 11:11:45','Cochabamba'),(38,'Jessy','Hoppe','1973-09-26','06850269','548 Bahringer Passage Apt. 771\nNew Calistaville, IL 88119','1-618-690-6646','ldenesik@example.net','2024-04-20 08:02:31','2024-05-05 11:11:45','La Paz'),(39,'Frederick','Rodriguez','1991-08-24','81544902','663 Farrell Station\nIsomtown, WV 59807','(510) 253-4062','salvatore73@example.org','2024-04-20 08:02:31','2024-05-05 11:11:45','Cochabamba'),(40,'Mervin','Boyer','1971-11-12','80791719','5358 McLaughlin Viaduct\nPort Kayaberg, GA 49457-4287','(678) 577-2122','hbahringer@example.net','2024-04-20 08:02:31','2024-05-05 11:11:45','Potosí'),(41,'Barney','Jaskolski','1983-01-24','12843241','40050 Effertz Square\nHeaneyport, MA 26107','+1.314.313.2788','lraynor@example.net','2024-04-20 08:02:31','2024-05-05 11:11:45','Potosí'),(42,'Julia','Adams','1996-03-01','98408220','14480 Vandervort Bypass Suite 669\nAuermouth, DC 25554','(662) 786-6644','edythe.reichel@example.org','2024-04-20 08:02:31','2024-05-05 11:11:45','Potosí'),(43,'Lessie','Satterfield','2013-04-05','01640627','895 Alanna Corners Suite 227\nLake Evelyn, PA 67796','754.425.2201','stark.yessenia@example.com','2024-04-20 08:02:31','2024-05-05 11:11:45','Pando'),(44,'Cydney','Fahey','1992-05-21','41118196','5972 Ned Cove\nSouth Graceberg, NV 50692-6660','+1 (916) 632-7410','chauncey28@example.net','2024-04-20 08:02:31','2024-05-05 11:11:45','Tarija'),(45,'Dejon','Green','1984-02-23','58365117','905 Schoen Burgs Apt. 473\nEast Adalbertoport, KS 05050','+16678028820','adan63@example.org','2024-04-20 08:02:31','2024-05-05 11:11:45','Pando'),(46,'Nicolette','Kuvalis','1973-02-22','16083930','343 Elisha Pass\nElyssafurt, NE 17136-3342','1-414-365-8050','carter.emmerich@example.com','2024-04-20 08:02:31','2024-05-05 11:11:45','Santa Cruz'),(47,'Tyrese','McCullough','1988-12-05','04401071','660 Georgiana Greens\nEast Darby, FL 83410-1761','+1 (972) 543-9171','randy24@example.net','2024-04-20 08:02:31','2024-05-05 11:11:45','La Paz'),(48,'Alana','Waters','1980-06-04','64164774','24356 Shanahan Forges Apt. 452\nWillmsburgh, OR 30171-3963','(812) 833-3346','vella46@example.org','2024-04-20 08:02:31','2024-05-05 11:11:45','Tarija'),(49,'Leone','Koch','1996-07-31','32247419','9197 Timmothy Forge Suite 468\nPort Sallie, OK 38186','+1-918-387-4962','astrid91@example.org','2024-04-20 08:02:31','2024-05-05 11:11:45','La Paz'),(50,'Lorenza','Reynolds','1985-06-22','46630705','244 Emard Bridge Apt. 095\nWest Alycia, MN 80535-7446','+13254673477','myles.west@example.org','2024-04-20 08:02:31','2024-05-05 11:11:45','Potosí'),(51,'Judge','Nolan','2007-04-22','81498225','9075 Damien Lock\nLakinburgh, VT 74450-1596','+1-947-352-9082','lessie31@example.net','2024-04-20 08:02:31','2024-05-05 11:11:45','La Paz'),(52,'Prudence','Schuppe','1980-01-14','21458448','510 Sigrid Haven\nNew Josueton, AL 79672-2251','775.455.8134','griffin98@example.com','2024-04-20 08:02:31','2024-05-05 11:09:32','Beni'),(53,'Eliseo','Hickle','1972-03-01','84300530','97623 Herbert Forks\nPort Shannon, MI 50611','+1-478-210-1970','royce26@example.com','2024-04-20 08:02:31','2024-05-05 11:11:45','Potosí'),(54,'Drake','Kuphal','1985-05-30','89525649','37142 Kirstin Bypass Apt. 608\nPort Hilma, AZ 83709-9631','(918) 636-4432','margaretta30@example.com','2024-04-20 08:02:31','2024-05-05 11:11:45','Tarija'),(55,'Viola','Kuphal','2023-09-01','46413227','941 Ledner Locks\nDestineeshire, HI 99415','1-951-321-5831','boyd.gerlach@example.net','2024-04-20 08:02:31','2024-05-05 11:09:32','Beni'),(56,'May','Kassulke','2019-02-27','07598333','302 Ryan Cape\nSouth David, NY 78392','(762) 634-6922','adam88@example.org','2024-04-20 08:02:31','2024-05-05 11:11:45','Santa Cruz'),(57,'Leonardo','Hand','1973-09-17','77553749','1438 Runolfsson Field\nEmorybury, CT 65105-3983','(631) 933-8781','turner.ora@example.com','2024-04-20 08:02:31','2024-05-05 11:11:45','Chuquisaca'),(58,'Archibald','Hudson','2024-02-29','90838171','634 Marquardt Mews\nPort Verdieburgh, MA 40931-0616','+16788090672','chet26@example.org','2024-04-20 08:02:31','2024-05-05 11:11:45','Santa Cruz'),(59,'Lucio','Torphy','1973-09-29','48018193','2329 Olga Mill\nNorth Libby, CA 00535-4370','+1-701-994-0966','conn.ubaldo@example.com','2024-04-20 08:02:31','2024-05-05 11:09:32','Beni'),(60,'Matteo','White','1990-01-04','11622143','883 Runolfsdottir Street\nLake Alf, KY 66046','432-787-8874','candida17@example.org','2024-04-20 08:02:31','2024-05-05 11:11:45','Tarija'),(61,'Payton','Thiel','1994-05-30','70671377','1316 Swaniawski Fields\nLake Bernhardfort, UT 73934-8511','+1-951-308-3091','gerhold.hermann@example.org','2024-04-20 08:02:31','2024-05-05 11:11:45','Pando'),(62,'Else','Ryan','1973-04-16','38583969','5469 Allie Plains Suite 251\nHayeschester, CO 62372','1-870-266-0441','vallie21@example.net','2024-04-20 08:02:31','2024-05-05 11:11:45','Santa Cruz'),(63,'Trey','Kautzer','2022-02-13','53602296','197 Adela Crest\nJennyferburgh, VT 30466','(817) 551-5790','tyson72@example.com','2024-04-20 08:02:31','2024-05-05 11:09:32','Beni'),(64,'Elijah','Kshlerin','1981-11-12','80015670','85134 Vladimir View\nMitchellfort, IL 53368','1-651-417-7059','kemmer.esperanza@example.org','2024-04-20 08:02:31','2024-05-05 11:11:45','Potosí'),(65,'Vivianne','Bartoletti','1982-07-22','19563017','5770 Kautzer Burgs Suite 184\nDickiside, CO 87576','+1 (325) 881-7871','freda.armstrong@example.net','2024-04-20 08:02:31','2024-05-05 11:11:45','Oruro'),(66,'Tia','Treutel','1984-04-23','20411214','409 Valentin Parkways Suite 758\nJasminland, NJ 71848','+1 (904) 587-0332','oceane.abbott@example.org','2024-04-20 08:02:31','2024-05-05 11:11:45','Tarija'),(67,'Brandyn','Borer','1989-09-25','79626531','19164 Lavinia Rapids Suite 146\nMoenside, MA 51194','484.266.6352','iullrich@example.com','2024-04-20 08:02:31','2024-05-05 11:11:45','Chuquisaca'),(68,'Laurie','Klein','1986-05-06','81750932','928 Macejkovic Ranch\nPort Yvonne, NY 20869-3475','+1 (619) 544-9855','pacocha.waldo@example.net','2024-04-20 08:02:31','2024-05-05 11:09:32','Beni'),(69,'Roosevelt','Labadie','1984-08-09','39038872','93384 Kayleigh Ville Suite 956\nCummeratashire, WA 93687-0121','+18584527154','dana.zemlak@example.org','2024-04-20 08:02:31','2024-05-05 11:11:45','Chuquisaca'),(70,'Anabelle','Kuhic','1992-10-02','29393611','44716 Chyna Island Suite 338\nNew Ericatown, OK 30367','+1-754-960-7303','yundt.bartholome@example.net','2024-04-20 08:02:31','2024-05-05 11:11:45','Oruro'),(71,'Eryn','Hoppe','1990-02-05','00268436','660 Marks Mews Suite 758\nReidfort, MS 83945','272-705-7625','xkulas@example.org','2024-04-20 08:02:31','2024-05-05 11:09:32','Beni'),(72,'Keshawn','Collier','1975-07-08','26583293','6982 Paula Place Suite 603\nLaurenstad, WV 20266','682-950-6014','yundt.susan@example.net','2024-04-20 08:02:31','2024-05-05 11:11:45','Potosí'),(73,'Junius','Wehner','2011-10-31','45935435','25900 Cormier Stravenue Apt. 199\nHarryberg, TX 45677-4787','+1-651-508-4456','fnader@example.com','2024-04-20 08:02:31','2024-05-05 11:11:45','Santa Cruz'),(74,'Joanie','Schneider','1974-10-18','30360721','11845 Rippin Keys\nEast Carlee, AZ 10839','+16018312067','daugherty.blake@example.com','2024-04-20 08:02:31','2024-05-05 11:11:45','Cochabamba'),(75,'Odessa','Rippin','2021-06-30','27854493','63200 Natalia Mission\nNew Valerieton, AL 31995','+1-915-751-0491','berge.gregoria@example.com','2024-04-20 08:02:31','2024-05-05 11:11:45','Cochabamba'),(76,'Forrest','Marvin','2010-11-30','51776006','40510 Roberto Spring\nMaiyafurt, ME 86688','240-544-5127','naomie46@example.org','2024-04-20 08:02:31','2024-05-05 11:11:45','Oruro'),(77,'Brian','Deckow','2007-07-12','57803371','18340 Emely Freeway Apt. 084\nWest Mikel, ID 57937','+1.463.441.0240','jaclyn85@example.net','2024-04-20 08:02:31','2024-05-05 11:11:45','Tarija'),(78,'Carli','Kemmer','2016-02-19','49666980','423 Geo Heights\nPort April, OR 25471-7998','(406) 899-8698','gibson.elbert@example.net','2024-04-20 08:02:31','2024-05-05 11:11:45','Oruro'),(79,'Stephania','Eichmann','1976-05-26','24827507','76114 Shaniya Radial\nLeanneside, KY 99939','(320) 229-5572','hintz.annette@example.net','2024-04-20 08:02:31','2024-05-05 11:11:45','Chuquisaca'),(80,'Gillian','Paucek','2019-08-22','61114264','34878 Koch Ridge Suite 712\nNew Jasminborough, NH 83256','850-910-4683','imueller@example.com','2024-04-20 08:02:31','2024-05-05 11:11:45','Oruro'),(81,'Myra','Vandervort','1970-06-01','31442672','65535 Klocko Falls Apt. 951\nEast Hoseashire, CA 68610-8508','607-432-6866','tod53@example.net','2024-04-20 08:02:31','2024-05-05 11:09:32','Beni'),(82,'Marlee','Bergnaum','1976-11-17','39501715','13585 Marilou Union Suite 814\nWest Christine, NH 06125-0318','775.824.1176','xjohnson@example.net','2024-04-20 08:02:31','2024-05-05 11:11:45','Potosí'),(83,'Katelin','Nolan','1988-11-20','58576051','75138 Alexandre Extensions Apt. 763\nEast Heber, FL 72335-7001','1-516-982-9342','kpadberg@example.net','2024-04-20 08:02:31','2024-05-05 11:09:32','Beni'),(84,'Jaden','O\'Reilly','2017-01-19','25603011','9719 Shanie Meadow Suite 314\nMarleestad, SD 31950-4281','+1-743-763-0818','hessel.pansy@example.net','2024-04-20 08:02:31','2024-05-05 11:11:45','Chuquisaca'),(85,'Dustin','Kuphal','1998-05-11','08708681','55224 Hill Isle Apt. 298\nMoenport, TN 59175','+1 (224) 692-6004','pheidenreich@example.org','2024-04-20 08:02:31','2024-05-05 11:11:45','Pando'),(86,'Aletha','Cormier','1975-01-24','43713991','18617 Estelle Hills\nNew Maramouth, AL 15497','+1-646-394-8636','bechtelar.cyril@example.com','2024-04-20 08:02:31','2024-05-05 11:09:32','Beni'),(87,'Amy','Schamberger','2018-11-25','09449809','2664 Osinski Road\nEast Baron, MI 36076-0909','1-970-931-7770','myron.mclaughlin@example.com','2024-04-20 08:02:31','2024-05-05 11:09:32','Beni'),(88,'Anabelle','Koelpin','1972-09-14','72425903','40136 Zemlak Isle\nHermistonfort, NV 23799','+1-681-263-9601','velva.mohr@example.com','2024-04-20 08:02:31','2024-05-05 11:11:45','La Paz'),(89,'Juston','Hirthe','2021-03-17','39013526','87444 Beatty Underpass Apt. 910\nVincentchester, AZ 85337-0313','+1-860-254-9201','carole10@example.org','2024-04-20 08:02:31','2024-05-05 11:11:45','Pando'),(90,'Lavon','Feeney','1996-03-26','26665263','33731 Magnolia Mews\nKlington, VT 62518','(231) 842-4850','blanda.larue@example.org','2024-04-20 08:02:31','2024-05-05 11:09:32','Beni'),(91,'Clare','Schuppe','1974-08-03','26595354','43523 Kerluke Turnpike\nNasirmouth, CT 61361','1-351-817-2482','beier.felipe@example.net','2024-04-20 08:02:31','2024-05-05 11:09:32','Beni'),(92,'Shaylee','Brakus','1994-10-26','40397978','145 Schowalter Branch\nDulceberg, MD 50456-0165','208-507-3434','lura55@example.org','2024-04-20 08:02:31','2024-05-05 11:11:45','Pando'),(93,'Vivianne','Pouros','2006-10-05','84438054','982 King Valleys\nEmmerichside, WY 85854','(714) 577-3591','dritchie@example.com','2024-04-20 08:02:31','2024-05-05 11:11:45','La Paz'),(94,'Elwyn','Gerhold','1979-01-18','90860183','9948 Conner Hill Suite 911\nSouth Ismaelmouth, SD 08844','432.974.5982','cmurazik@example.net','2024-04-20 08:02:31','2024-05-05 11:11:45','Chuquisaca'),(95,'Alena','O\'Kon','1991-05-25','48573297','795 Smitham Roads Suite 913\nLake Karlee, DE 93663-1454','1-248-838-6812','evalyn73@example.net','2024-04-20 08:02:31','2024-05-05 11:11:45','Cochabamba'),(96,'Lucius','Schaden','2006-11-27','90415480','2238 Braulio Mission Apt. 827\nPort Justen, WV 26744-2685','1-920-916-5472','heidi.pfeffer@example.com','2024-04-20 08:02:31','2024-05-05 11:09:32','Beni'),(97,'Una','Schumm','2012-04-03','40167609','949 Frankie Centers Apt. 271\nSouth Johnathan, OR 60460','734-468-5258','dedrick.stoltenberg@example.net','2024-04-20 08:02:31','2024-05-05 11:11:45','Cochabamba'),(98,'Reta','Wilderman','1991-06-13','82692008','741 Mills Isle\nEast Katelynnborough, OH 65696-3717','281-214-7149','brant12@example.org','2024-04-20 08:02:31','2024-05-05 11:11:45','Cochabamba'),(99,'Jakob','Schaden','1986-05-04','44100686','6770 Evangeline Fort Suite 610\nJakubowskiberg, ME 61144','+1.757.823.8280','metz.hortense@example.net','2024-04-20 08:02:31','2024-05-05 11:11:45','Chuquisaca'),(100,'Veronica','Gleason','1976-10-16','78885925','2406 Quigley Green Suite 968\nRusselview, AR 42287-3010','(636) 947-7804','ena85@example.org','2024-04-20 08:02:31','2024-05-05 11:11:45','La Paz'),(101,'Yolanda','McDermott','2009-12-12','31705994','279 Ziemann Junction\nLake Erichland, LA 30752-4348','+1-334-470-0322','demetris42@example.net','2024-04-20 08:02:31','2024-05-05 11:11:45','Chuquisaca'),(102,'Rudolph','Mosciski','1972-03-06','70813654','2591 Mertie Row Suite 239\nNorth Scot, NY 18187-3625','1-234-380-3832','ratke.kiarra@example.com','2024-04-20 08:02:31','2024-05-05 11:11:45','Oruro'),(103,'Fletcher','Durgan','1976-09-11','68979658','1561 Haley Inlet Apt. 833\nPort Jarrett, ND 89305-4777','+13857007820','waters.sam@example.net','2024-04-20 08:02:31','2024-05-05 11:11:45','Pando'),(104,'Milford','Wehner','2016-07-14','54198472','888 Armstrong Rapid Suite 501\nRunolfsdottirchester, SD 75721','+1 (651) 224-3761','dzboncak@example.org','2024-04-20 08:02:31','2024-05-05 11:11:45','Pando'),(105,'Nathanial','Wilderman','1974-12-20','99414113','90368 Fay Motorway\nWest Eveville, KY 15093-0557','+1-380-798-1099','rhermann@example.com','2024-04-20 08:02:31','2024-05-05 11:11:45','La Paz'),(106,'Amanda','Boehm','1984-03-07','81652300','9961 Johnson Pike Suite 783\nWeberburgh, TN 00250','(669) 441-1895','coby.upton@example.com','2024-04-20 08:02:31','2024-05-05 11:09:32','Beni'),(107,'Itzel','Walter','2001-07-21','11901986','8688 Dariana Island Apt. 729\nStehrchester, WY 83981','+1-401-296-6322','rashawn20@example.net','2024-04-20 08:02:31','2024-05-05 11:11:45','Pando'),(108,'Willie','Orn','2021-04-01','62156256','601 Jacobson Circle\nNew Delbertton, NV 85907-7117','+1.847.606.5491','carson99@example.net','2024-04-20 08:02:31','2024-05-05 11:09:32','Beni'),(109,'Ricky','Yost','1996-09-04','26948763','78608 Geraldine Circle\nNew Eudoraberg, OH 78651-1812','+1-531-873-8724','breanne95@example.org','2024-04-20 08:02:31','2024-05-05 11:11:45','Tarija'),(110,'Kristoffer','Corkery','1987-01-01','03510964','708 Viviane Bypass\nStrosinville, ID 22477','+14125194046','afay@example.net','2024-04-20 08:02:31','2024-05-05 11:11:45','La Paz'),(111,'Gordon','Daugherty','2007-12-11','16797978','3449 Ally Extensions\nNew Dion, NH 13307','(661) 702-6570','elena60@example.org','2024-04-20 08:02:31','2024-05-05 11:11:45','Tarija'),(112,'Fredy','Robel','1991-05-27','40406049','40258 Silas Brook Apt. 295\nEribertoport, SC 50415-1867','689.440.2499','cecile.nolan@example.com','2024-04-20 08:02:31','2024-05-05 11:11:45','Oruro'),(113,'Curt','Gutkowski','2012-12-22','08851026','841 Otto Pike Suite 206\nNew Blaze, NH 86796-5621','1-559-829-2255','buddy72@example.com','2024-04-20 08:02:31','2024-05-05 11:11:45','Santa Cruz'),(114,'Savanah','Hartmann','1976-03-23','64151737','78993 Vivianne Via Suite 976\nEast Carlie, MN 98592-2733','1-747-953-9468','daugherty.theo@example.org','2024-04-20 08:02:31','2024-05-05 11:11:45','Santa Cruz'),(115,'Shanie','Wolff','2013-04-04','26620000','6176 Anya Curve\nKrisfurt, VT 16639-7520','(720) 990-5165','keagan.lockman@example.com','2024-04-20 08:02:31','2024-05-05 11:11:45','Santa Cruz'),(116,'Timmothy','Flatley','2016-06-22','38676345','3603 Angel Ridge\nSouth Alvis, OK 63661','1-276-334-7341','spinka.valentina@example.net','2024-04-20 08:02:31','2024-05-05 11:09:32','Beni'),(117,'Doug','O\'Kon','1979-08-14','15818932','280 Gibson Mews Suite 971\nLuettgenberg, MD 54271-6944','+1.570.810.4321','hegmann.vernice@example.net','2024-04-20 08:02:31','2024-05-05 11:11:45','Chuquisaca'),(118,'Velma','Spencer','1998-09-30','82092406','7917 Yost Knoll Apt. 631\nSouth Modestahaven, AZ 18158','+17128472508','braulio.dibbert@example.com','2024-04-20 08:02:31','2024-05-05 11:11:45','Santa Cruz'),(119,'Cydney','Willms','1995-02-17','01020002','232 Kadin Ranch\nHellenfurt, MI 85884','+1-619-895-1818','al23@example.com','2024-04-20 08:02:31','2024-05-05 11:11:45','Tarija'),(120,'Sylvia','Quigley','1989-09-21','98260795','401 Marquise Viaduct Suite 632\nLake Shanonton, MS 75810','+19856375564','reilly.dorris@example.org','2024-04-20 08:02:31','2024-05-05 11:11:45','Pando'),(121,'Providenci','Moore','1979-06-11','31029026','5999 Bernhard Ford Suite 428\nHeidenreichshire, MS 55599-3363','+1 (351) 415-3220','ngorczany@example.com','2024-04-20 08:02:31','2024-05-05 11:11:45','Potosí'),(122,'Ted','Fay','1995-02-17','33555185','59708 Lowe Throughway\nSouth Ross, VT 66616-1821','(805) 744-1514','lpurdy@example.org','2024-04-20 08:02:31','2024-05-05 11:11:45','La Paz'),(123,'Aliyah','Klein','2005-03-01','22262758','4483 Fritsch Forge Suite 477\nEast Bianka, TX 15480','478-329-9069','christiansen.alysha@example.org','2024-04-20 08:02:31','2024-05-05 11:11:45','La Paz'),(124,'Sven','Pagac','2012-10-07','66266533','839 Hand Plains Suite 997\nAmparostad, IA 46922','+1 (708) 293-6633','geovanni.schmidt@example.net','2024-04-20 08:02:31','2024-05-05 11:11:45','Potosí'),(125,'Kylee','Beier','1994-09-04','41140060','5444 Gorczany Villages Suite 467\nLake Carmeloview, DE 53378','(341) 834-4087','yost.sean@example.org','2024-04-20 08:02:31','2024-05-05 11:09:32','Beni'),(126,'Terrance','Kerluke','1985-08-05','52825867','604 Daisy Crossroad\nHaagburgh, IL 84623','(351) 669-4744','jacobs.jena@example.net','2024-04-20 08:02:31','2024-05-05 11:11:45','Santa Cruz'),(127,'Clotilde','Bradtke','2003-03-30','53799447','618 Halie Summit Apt. 692\nAntonioshire, TX 77134','+1-662-868-3091','howe.connor@example.net','2024-04-20 08:02:31','2024-05-05 11:11:45','Potosí'),(128,'Maiya','Treutel','1980-02-26','23126899','8832 Jakayla Islands\nRobertashire, NJ 57814-8322','+1-707-234-9363','jritchie@example.com','2024-04-20 08:02:31','2024-05-05 11:11:45','Chuquisaca'),(129,'Stacy','Stiedemann','1977-02-13','30733593','865 Kip Corner\nWest Maureenfurt, GA 00072','(239) 603-3306','schoen.jammie@example.com','2024-04-20 08:02:31','2024-05-05 11:11:45','Tarija'),(130,'Lizeth','Stroman','2002-02-06','65041184','99831 Breanne Crossing Apt. 932\nSouth Jabarimouth, MA 77582','845-672-0166','jazlyn.abshire@example.com','2024-04-20 08:02:31','2024-05-05 11:11:45','Santa Cruz'),(131,'Duane','Torphy','2003-12-12','38517965','642 Giovanny Ridge\nNew Cydney, DE 56891','1-475-924-6099','velva03@example.net','2024-04-20 08:02:31','2024-05-05 11:11:45','Chuquisaca'),(132,'Juvenal','Kreiger','1970-07-13','65955492','463 Champlin Motorway Apt. 826\nStrosintown, TN 77830-9822','303-939-8492','jwaters@example.org','2024-04-20 08:02:31','2024-05-05 11:11:45','Santa Cruz'),(133,'Deshaun','Runolfsdottir','2023-10-04','52141946','8534 Felicity Well\nLake Brandt, WV 16900','820-300-5518','schroeder.sylvia@example.org','2024-04-20 08:02:31','2024-05-05 11:11:45','Oruro'),(134,'Annetta','Bode','1997-03-07','36255061','97537 Dusty Springs Apt. 320\nHilpertport, NH 18690','(629) 459-6851','pattie49@example.com','2024-04-20 08:02:31','2024-05-05 11:09:32','Beni'),(135,'Filomena','Mitchell','1973-09-16','67084397','338 Fredrick Cape Suite 882\nWest Malvinastad, AR 35084','205.545.4662','kattie86@example.com','2024-04-20 08:02:31','2024-05-05 11:11:45','Oruro'),(136,'Noah','Glover','1997-12-11','42594759','428 Breanna Lodge\nNew Kariane, FL 55128','1-713-783-7778','grant.mallory@example.org','2024-04-20 08:02:31','2024-05-05 11:11:45','Santa Cruz'),(137,'Douglas','Connelly','1998-02-03','82342294','739 Ara Shore\nAbshiremouth, VA 85341','(520) 994-6906','graham.doyle@example.com','2024-04-20 08:02:31','2024-05-05 11:11:45','Cochabamba'),(138,'Mckenzie','Wintheiser','2007-10-03','15253649','8355 Lehner Spring\nLittelburgh, AL 14245','+1 (228) 814-3058','hulda60@example.com','2024-04-20 08:02:31','2024-05-05 11:11:45','Santa Cruz'),(139,'Zoey','Kuhlman','1998-02-15','37030496','566 Gibson Trafficway\nPort Amayamouth, DC 92934-6401','+1 (850) 830-8150','kub.theodora@example.net','2024-04-20 08:02:31','2024-05-05 11:11:45','Potosí'),(140,'Alda','Lind','2020-12-06','99769029','365 Wiegand Rest Apt. 476\nBergstrombury, CT 33992-6254','1-628-833-6010','bechtelar.meaghan@example.org','2024-04-20 08:02:31','2024-05-05 11:11:45','La Paz'),(141,'Christ','Wilderman','1995-02-06','89911050','43646 Payton Street\nQuigleyfort, MI 79886','(947) 444-0825','edgardo40@example.org','2024-04-20 08:02:31','2024-05-05 11:09:32','Beni'),(142,'Amina','Dicki','2019-02-25','80667964','62754 Delbert Locks Suite 744\nLuettgenmouth, MD 69325-8607','(707) 305-5340','wking@example.com','2024-04-20 08:02:31','2024-05-05 11:11:45','Oruro'),(143,'Orpha','Goldner','2019-04-12','25126487','549 Welch View\nLake Velva, ID 45947','1-719-220-7891','lavern80@example.com','2024-04-20 08:02:31','2024-05-05 11:11:45','Pando'),(144,'Israel','Conn','2009-01-04','36558425','3261 Maggie Throughway\nPort Abrahamtown, NJ 65460','+1 (360) 715-6176','hudson.elouise@example.org','2024-04-20 08:02:31','2024-05-05 11:11:45','Oruro'),(145,'Carol','Keebler','1994-01-27','14399589','6705 Kling Road\nTyshawnfort, AZ 15457','+1-747-850-6543','larson.autumn@example.net','2024-04-20 08:02:31','2024-05-05 11:11:45','Pando'),(146,'Iva','Feest','2020-04-16','87472623','76469 Gabriella Avenue\nNorth Lea, RI 40619','(726) 931-1567','nicolas.loren@example.org','2024-04-20 08:02:31','2024-05-05 11:09:32','Beni'),(147,'Dock','Gerlach','2019-09-06','15413661','409 Orval Tunnel\nGinaborough, PA 38429-2495','1-870-587-3832','kellie74@example.com','2024-04-20 08:02:31','2024-05-05 11:11:45','Cochabamba'),(148,'Darren','Christiansen','2009-03-19','30547852','15309 Agustina Isle Suite 016\nNyasiamouth, WY 33773-2710','+1.757.243.6574','ctillman@example.org','2024-04-20 08:02:31','2024-05-05 11:11:45','Cochabamba'),(149,'Abigail','Kautzer','1975-07-16','61945896','78253 Aufderhar Club\nFeiltown, NH 18788-3210','1-918-214-0699','coby57@example.org','2024-04-20 08:02:31','2024-05-05 11:11:45','Tarija'),(150,'Constantin','Nitzsche','2000-08-25','00444561','148 Abshire Parks Apt. 861\nEffertzland, IN 94494-6963','1-667-837-5075','lesch.mario@example.com','2024-04-20 08:02:31','2024-05-05 11:11:45','Chuquisaca'),(151,'Eldora','Monahan','2017-08-24','45052956','63105 Tiana Dam Suite 520\nPort Aylahaven, MN 96580-7935','+1-815-363-5186','oswaniawski@example.org','2024-04-20 08:02:31','2024-05-05 11:11:45','Cochabamba'),(152,'Kelvin','Kozey','1991-08-15','71179919','95396 Edythe RampWest Lavadaport, NJ 02141-9604','+1-315-792-3853','eloy97@example.com','2024-04-20 08:02:31','2024-05-05 11:11:45','Cochabamba'),(153,'Adeline','Konopelski','1976-08-12','74423932','5194 Hirthe Ville\nEast Reganview, TX 26304','202-496-7757','nat80@example.com','2024-04-20 08:02:31','2024-05-05 11:11:45','Cochabamba'),(154,'Merritt','Gutmann','2002-05-27','19525583','79785 Von Summit\nNew Nicolachester, MA 90333','+16027785554','akirlin@example.com','2024-04-20 08:02:31','2024-05-05 11:11:45','Chuquisaca'),(155,'Dovie','Erdman','1985-04-30','89064805','423 Beahan Rest\nSouth Lelatown, IN 99609','(970) 320-6455','tierra02@example.com','2024-04-20 08:02:31','2024-05-05 11:11:45','Oruro'),(156,'Jany','Gerlach','1999-03-12','12690685','5402 Delia Radial\nNorth Al, SD 07317','(626) 990-3554','gerardo.kris@example.net','2024-04-20 08:02:31','2024-05-05 11:11:45','Pando'),(157,'Nigel','Wuckert','1998-09-29','39304730','41549 Schaden Manor Apt. 809\nEast Marisol, IN 06269-8560','954.734.4933','dedrick35@example.com','2024-04-20 08:02:31','2024-05-05 11:11:45','La Paz'),(158,'Ana','Lopez','1998-11-11','123456','Villa Alemania, Calle 23 #1474','63211068','anap@gmail.com','2024-04-21 03:23:25','2024-05-05 11:11:45','Oruro'),(159,'Maria','Lunez','1993-11-13','52245623','Villa Londres, Calle 23 #1474','7545632','mlunez@hotmail.com','2024-04-21 03:37:31','2024-05-05 11:11:45','Tarija'),(190,'t','t','2024-05-02','654654687897','.','65695','test@gmail.com',NULL,NULL,'Beni');
/*!40000 ALTER TABLE `personas` ENABLE KEYS */;
UNLOCK TABLES;

--
-- Table structure for table `sessions`
--

DROP TABLE IF EXISTS `sessions`;
/*!40101 SET @saved_cs_client     = @@character_set_client */;
/*!50503 SET character_set_client = utf8mb4 */;
CREATE TABLE `sessions` (
  `id` varchar(255) COLLATE utf8mb4_unicode_ci NOT NULL,
  `user_id` bigint unsigned DEFAULT NULL,
  `ip_address` varchar(45) COLLATE utf8mb4_unicode_ci DEFAULT NULL,
  `user_agent` text COLLATE utf8mb4_unicode_ci,
  `payload` longtext COLLATE utf8mb4_unicode_ci NOT NULL,
  `last_activity` int NOT NULL,
  PRIMARY KEY (`id`),
  KEY `sessions_user_id_index` (`user_id`),
  KEY `sessions_last_activity_index` (`last_activity`)
) ENGINE=InnoDB DEFAULT CHARSET=utf8mb4 COLLATE=utf8mb4_unicode_ci;
/*!40101 SET character_set_client = @saved_cs_client */;

--
-- Dumping data for table `sessions`
--

LOCK TABLES `sessions` WRITE;
/*!40000 ALTER TABLE `sessions` DISABLE KEYS */;
INSERT INTO `sessions` VALUES ('PwcQO2IMrl14rkfP7mj4AjP9Y9mzUlwfbR1tCAb2',2,'127.0.0.1','Mozilla/5.0 (Windows NT 10.0; Win64; x64) AppleWebKit/537.36 (KHTML, like Gecko) Chrome/124.0.0.0 Safari/537.36','YTo0OntzOjY6Il90b2tlbiI7czo0MDoiOHBTNTB5T0JVcHpVZk5kVnBKZ1pacDN6NWEzb2ZHc2pBSE5xdHA1aSI7czo5OiJfcHJldmlvdXMiO2E6MTp7czozOiJ1cmwiO3M6MjE6Imh0dHA6Ly9sb2NhbGhvc3Q6ODAwMCI7fXM6NjoiX2ZsYXNoIjthOjI6e3M6Mzoib2xkIjthOjA6e31zOjM6Im5ldyI7YTowOnt9fXM6NTA6ImxvZ2luX3dlYl81OWJhMzZhZGRjMmIyZjk0MDE1ODBmMDE0YzdmNThlYTRlMzA5ODlkIjtpOjI7fQ==',1715003947),('qBx26gwCCbk7BT2dQhZ1yec8aVL8CwkDgFZ7ZqFs',160,'127.0.0.1','Mozilla/5.0 (Windows NT 10.0; Win64; x64) AppleWebKit/537.36 (KHTML, like Gecko) Chrome/124.0.0.0 Safari/537.36','YTo0OntzOjY6Il90b2tlbiI7czo0MDoid1hFSUVVYktMYnNTamQwdzlxdGxZTFBRQmtESUxFNWFFQ3BJZEhjZiI7czo5OiJfcHJldmlvdXMiO2E6MTp7czozOiJ1cmwiO3M6NDI6Imh0dHA6Ly9sb2NhbGhvc3Q6ODAwMC90cmFuc2FjY2lvbmVzLzEvZWRpdCI7fXM6NjoiX2ZsYXNoIjthOjI6e3M6Mzoib2xkIjthOjA6e31zOjM6Im5ldyI7YTowOnt9fXM6NTA6ImxvZ2luX3dlYl81OWJhMzZhZGRjMmIyZjk0MDE1ODBmMDE0YzdmNThlYTRlMzA5ODlkIjtpOjE2MDt9',1715015608);
/*!40000 ALTER TABLE `sessions` ENABLE KEYS */;
UNLOCK TABLES;

--
-- Table structure for table `transacciones`
--

DROP TABLE IF EXISTS `transacciones`;
/*!40101 SET @saved_cs_client     = @@character_set_client */;
/*!50503 SET character_set_client = utf8mb4 */;
CREATE TABLE `transacciones` (
  `id` bigint unsigned NOT NULL AUTO_INCREMENT,
  `cuenta_bancaria_id` bigint unsigned NOT NULL,
  `tipo_transaccion` varchar(255) COLLATE utf8mb4_unicode_ci NOT NULL,
  `monto` decimal(10,2) NOT NULL,
  `fecha_transaccion` datetime NOT NULL,
  `created_at` timestamp NULL DEFAULT NULL,
  `updated_at` timestamp NULL DEFAULT NULL,
  PRIMARY KEY (`id`),
  KEY `transacciones_cuenta_bancaria_id_foreign` (`cuenta_bancaria_id`),
  CONSTRAINT `transacciones_cuenta_bancaria_id_foreign` FOREIGN KEY (`cuenta_bancaria_id`) REFERENCES `cuentas_bancarias` (`id`) ON DELETE CASCADE
) ENGINE=InnoDB AUTO_INCREMENT=103 DEFAULT CHARSET=utf8mb4 COLLATE=utf8mb4_unicode_ci;
/*!40101 SET character_set_client = @saved_cs_client */;

--
-- Dumping data for table `transacciones`
--

LOCK TABLES `transacciones` WRITE;
/*!40000 ALTER TABLE `transacciones` DISABLE KEYS */;
INSERT INTO `transacciones` VALUES (1,8,'retiro',323.87,'2023-07-29 17:15:25','2024-04-20 08:02:31','2024-04-20 08:02:31'),(2,8,'deposito',168.12,'2023-08-25 14:59:18','2024-04-20 08:02:31','2024-04-20 08:02:31'),(3,8,'retiro',23.35,'2023-12-28 16:24:51','2024-04-20 08:02:31','2024-04-20 08:02:31'),(4,8,'deposito',920.71,'2024-02-03 11:53:31','2024-04-20 08:02:31','2024-04-20 08:02:31'),(5,8,'deposito',654.59,'2023-09-10 22:28:38','2024-04-20 08:02:31','2024-04-20 08:02:31'),(6,9,'deposito',492.18,'2023-12-12 09:35:43','2024-04-20 08:02:31','2024-04-20 08:02:31'),(7,9,'deposito',45.77,'2024-03-04 10:47:10','2024-04-20 08:02:31','2024-04-20 08:02:31'),(8,9,'retiro',871.04,'2024-02-21 08:06:36','2024-04-20 08:02:31','2024-04-20 08:02:31'),(9,9,'deposito',828.30,'2024-02-02 12:44:48','2024-04-20 08:02:31','2024-04-20 08:02:31'),(10,9,'retiro',365.36,'2024-02-15 08:21:09','2024-04-20 08:02:31','2024-04-20 08:02:31'),(11,20,'retiro',196.74,'2023-10-06 15:28:31','2024-04-20 08:02:31','2024-04-20 08:02:31'),(12,20,'retiro',365.51,'2023-08-01 19:18:25','2024-04-20 08:02:31','2024-04-20 08:02:31'),(13,20,'retiro',966.51,'2023-08-16 19:38:18','2024-04-20 08:02:31','2024-04-20 08:02:31'),(14,20,'retiro',961.77,'2023-12-27 03:42:28','2024-04-20 08:02:31','2024-04-20 08:02:31'),(15,20,'deposito',888.92,'2023-07-31 08:49:39','2024-04-20 08:02:31','2024-04-20 08:02:31'),(16,21,'deposito',539.08,'2023-09-09 07:43:52','2024-04-20 08:02:31','2024-04-20 08:02:31'),(17,21,'deposito',466.70,'2023-10-05 11:37:44','2024-04-20 08:02:31','2024-04-20 08:02:31'),(18,21,'deposito',345.06,'2023-08-03 19:13:49','2024-04-20 08:02:31','2024-04-20 08:02:31'),(19,21,'deposito',823.24,'2023-06-06 02:47:03','2024-04-20 08:02:31','2024-04-20 08:02:31'),(20,21,'deposito',150.78,'2023-08-17 21:03:22','2024-04-20 08:02:31','2024-04-20 08:02:31'),(21,32,'deposito',118.62,'2023-06-11 16:55:26','2024-04-20 08:02:31','2024-04-20 08:02:31'),(22,32,'retiro',93.16,'2023-12-28 02:54:34','2024-04-20 08:02:31','2024-04-20 08:02:31'),(23,32,'retiro',631.48,'2023-06-17 20:57:51','2024-04-20 08:02:31','2024-04-20 08:02:31'),(24,32,'retiro',272.85,'2023-05-03 09:44:34','2024-04-20 08:02:31','2024-04-20 08:02:31'),(25,32,'retiro',823.39,'2023-08-13 10:12:35','2024-04-20 08:02:31','2024-04-20 08:02:31'),(26,33,'retiro',831.75,'2024-01-15 10:30:22','2024-04-20 08:02:31','2024-04-20 08:02:31'),(27,33,'deposito',446.36,'2023-08-06 11:45:45','2024-04-20 08:02:31','2024-04-20 08:02:31'),(28,33,'deposito',893.27,'2023-04-22 21:29:49','2024-04-20 08:02:31','2024-04-20 08:02:31'),(29,33,'retiro',537.07,'2024-02-06 02:10:33','2024-04-20 08:02:31','2024-04-20 08:02:31'),(30,33,'retiro',287.77,'2023-10-12 10:02:24','2024-04-20 08:02:31','2024-04-20 08:02:31'),(31,44,'deposito',582.22,'2023-06-06 10:55:09','2024-04-20 08:02:31','2024-04-20 08:02:31'),(32,44,'deposito',445.21,'2024-02-13 18:58:11','2024-04-20 08:02:31','2024-04-20 08:02:31'),(33,44,'deposito',172.58,'2024-01-24 01:14:07','2024-04-20 08:02:31','2024-04-20 08:02:31'),(34,44,'retiro',444.93,'2023-05-07 23:36:48','2024-04-20 08:02:31','2024-04-20 08:02:31'),(35,44,'deposito',986.42,'2023-10-01 06:52:28','2024-04-20 08:02:31','2024-04-20 08:02:31'),(36,45,'retiro',862.27,'2023-04-23 17:56:56','2024-04-20 08:02:31','2024-04-20 08:02:31'),(37,45,'deposito',446.96,'2023-11-02 09:05:05','2024-04-20 08:02:31','2024-04-20 08:02:31'),(38,45,'retiro',298.43,'2023-10-11 01:26:50','2024-04-20 08:02:31','2024-04-20 08:02:31'),(39,45,'retiro',133.71,'2023-08-12 16:02:34','2024-04-20 08:02:31','2024-04-20 08:02:31'),(40,45,'deposito',279.55,'2023-06-18 00:39:22','2024-04-20 08:02:31','2024-04-20 08:02:31'),(41,56,'retiro',780.77,'2023-10-07 23:35:53','2024-04-20 08:02:31','2024-04-20 08:02:31'),(42,56,'deposito',712.20,'2023-12-11 04:03:04','2024-04-20 08:02:31','2024-04-20 08:02:31'),(43,56,'retiro',98.33,'2023-12-04 03:22:42','2024-04-20 08:02:31','2024-04-20 08:02:31'),(44,56,'retiro',986.30,'2023-07-01 19:30:04','2024-04-20 08:02:31','2024-04-20 08:02:31'),(45,56,'retiro',108.31,'2024-03-10 04:54:15','2024-04-20 08:02:31','2024-04-20 08:02:31'),(46,57,'retiro',848.99,'2023-11-13 00:19:51','2024-04-20 08:02:31','2024-04-20 08:02:31'),(47,57,'deposito',103.04,'2023-12-22 23:52:33','2024-04-20 08:02:31','2024-04-20 08:02:31'),(48,57,'retiro',814.59,'2024-03-20 17:23:48','2024-04-20 08:02:31','2024-04-20 08:02:31'),(49,57,'deposito',425.37,'2024-03-29 21:46:48','2024-04-20 08:02:31','2024-04-20 08:02:31'),(50,57,'retiro',431.54,'2023-04-29 03:07:06','2024-04-20 08:02:31','2024-04-20 08:02:31'),(51,68,'deposito',834.03,'2023-04-26 22:40:18','2024-04-20 08:02:31','2024-04-20 08:02:31'),(52,68,'retiro',898.71,'2023-07-23 18:26:51','2024-04-20 08:02:31','2024-04-20 08:02:31'),(53,68,'retiro',443.87,'2023-10-06 10:28:20','2024-04-20 08:02:31','2024-04-20 08:02:31'),(54,68,'retiro',661.72,'2023-08-04 18:18:55','2024-04-20 08:02:31','2024-04-20 08:02:31'),(55,68,'retiro',464.73,'2023-12-27 14:08:22','2024-04-20 08:02:31','2024-04-20 08:02:31'),(56,69,'deposito',81.79,'2023-07-01 10:12:54','2024-04-20 08:02:31','2024-04-20 08:02:31'),(57,69,'retiro',137.22,'2023-09-02 00:14:43','2024-04-20 08:02:31','2024-04-20 08:02:31'),(58,69,'retiro',746.65,'2023-12-18 23:35:11','2024-04-20 08:02:31','2024-04-20 08:02:31'),(59,69,'retiro',684.17,'2023-09-10 02:29:47','2024-04-20 08:02:31','2024-04-20 08:02:31'),(60,69,'deposito',280.23,'2023-08-29 12:30:01','2024-04-20 08:02:31','2024-04-20 08:02:31'),(61,80,'deposito',344.66,'2023-08-04 13:06:22','2024-04-20 08:02:31','2024-04-20 08:02:31'),(62,80,'deposito',212.54,'2023-07-09 00:16:46','2024-04-20 08:02:31','2024-04-20 08:02:31'),(63,80,'retiro',209.77,'2023-10-03 12:43:08','2024-04-20 08:02:31','2024-04-20 08:02:31'),(64,80,'retiro',680.43,'2024-04-18 18:55:15','2024-04-20 08:02:31','2024-04-20 08:02:31'),(65,80,'retiro',341.11,'2024-02-01 11:04:50','2024-04-20 08:02:31','2024-04-20 08:02:31'),(66,81,'deposito',391.13,'2024-04-18 01:26:27','2024-04-20 08:02:31','2024-04-20 08:02:31'),(67,81,'retiro',805.15,'2023-06-17 16:27:44','2024-04-20 08:02:31','2024-04-20 08:02:31'),(68,81,'deposito',306.08,'2023-10-28 07:51:43','2024-04-20 08:02:31','2024-04-20 08:02:31'),(69,81,'retiro',639.63,'2024-01-15 01:23:43','2024-04-20 08:02:31','2024-04-20 08:02:31'),(70,81,'deposito',29.77,'2023-08-10 01:47:25','2024-04-20 08:02:31','2024-04-20 08:02:31'),(71,92,'deposito',979.76,'2023-05-28 05:50:36','2024-04-20 08:02:31','2024-04-20 08:02:31'),(72,92,'retiro',55.76,'2024-02-23 13:29:44','2024-04-20 08:02:31','2024-04-20 08:02:31'),(73,92,'retiro',245.80,'2023-11-03 22:00:10','2024-04-20 08:02:31','2024-04-20 08:02:31'),(74,92,'retiro',873.84,'2023-08-28 12:21:03','2024-04-20 08:02:31','2024-04-20 08:02:31'),(75,92,'retiro',465.78,'2023-10-19 00:30:53','2024-04-20 08:02:31','2024-04-20 08:02:31'),(76,93,'retiro',11.18,'2023-11-12 09:00:18','2024-04-20 08:02:31','2024-04-20 08:02:31'),(77,93,'deposito',16.38,'2023-07-23 14:22:17','2024-04-20 08:02:31','2024-04-20 08:02:31'),(78,93,'retiro',619.96,'2024-01-16 07:36:19','2024-04-20 08:02:31','2024-04-20 08:02:31'),(79,93,'retiro',314.72,'2023-10-06 21:11:36','2024-04-20 08:02:31','2024-04-20 08:02:31'),(80,93,'deposito',484.98,'2023-05-27 20:18:08','2024-04-20 08:02:31','2024-04-20 08:02:31'),(81,104,'retiro',388.40,'2023-08-16 23:12:49','2024-04-20 08:02:31','2024-04-20 08:02:31'),(82,104,'retiro',855.60,'2024-04-02 02:11:18','2024-04-20 08:02:31','2024-04-20 08:02:31'),(83,104,'deposito',144.06,'2023-10-28 02:57:46','2024-04-20 08:02:31','2024-04-20 08:02:31'),(84,104,'deposito',430.41,'2024-03-19 13:55:27','2024-04-20 08:02:31','2024-04-20 08:02:31'),(85,104,'retiro',347.05,'2024-03-12 14:26:55','2024-04-20 08:02:31','2024-04-20 08:02:31'),(86,105,'retiro',992.94,'2023-07-25 23:15:45','2024-04-20 08:02:31','2024-04-20 08:02:31'),(87,105,'retiro',706.17,'2023-12-22 21:31:31','2024-04-20 08:02:31','2024-04-20 08:02:31'),(88,105,'retiro',935.87,'2024-02-28 11:04:36','2024-04-20 08:02:31','2024-04-20 08:02:31'),(89,105,'deposito',860.76,'2023-10-14 09:50:55','2024-04-20 08:02:31','2024-04-20 08:02:31'),(90,105,'retiro',170.12,'2023-09-17 21:51:52','2024-04-20 08:02:31','2024-04-20 08:02:31'),(91,116,'retiro',739.81,'2024-04-04 14:40:15','2024-04-20 08:02:31','2024-04-20 08:02:31'),(92,116,'retiro',53.05,'2023-12-25 23:16:43','2024-04-20 08:02:31','2024-04-20 08:02:31'),(93,116,'retiro',912.93,'2023-07-20 06:02:38','2024-04-20 08:02:31','2024-04-20 08:02:31'),(94,116,'deposito',820.12,'2023-08-10 05:53:08','2024-04-20 08:02:31','2024-04-20 08:02:31'),(95,116,'deposito',255.00,'2024-02-04 18:43:53','2024-04-20 08:02:31','2024-04-20 08:02:31'),(96,117,'retiro',312.41,'2024-03-17 13:05:52','2024-04-20 08:02:31','2024-04-20 08:02:31'),(97,117,'retiro',83.52,'2024-04-19 09:17:55','2024-04-20 08:02:31','2024-04-20 08:02:31'),(98,117,'deposito',491.36,'2023-05-29 05:04:12','2024-04-20 08:02:31','2024-04-20 08:02:31'),(99,117,'retiro',205.11,'2023-07-07 13:09:12','2024-04-20 08:02:31','2024-04-20 08:02:31'),(100,117,'deposito',243.62,'2023-08-24 00:40:50','2024-04-20 08:02:31','2024-04-20 08:02:31'),(101,5,'Nacional',500.00,'2024-05-06 12:47:00','2024-05-06 20:50:45','2024-05-06 20:50:45'),(102,5,'Nacional',500.00,'2024-05-06 12:51:00','2024-05-06 20:51:06','2024-05-06 20:51:06');
/*!40000 ALTER TABLE `transacciones` ENABLE KEYS */;
UNLOCK TABLES;

--
-- Table structure for table `transaccions`
--

DROP TABLE IF EXISTS `transaccions`;
/*!40101 SET @saved_cs_client     = @@character_set_client */;
/*!50503 SET character_set_client = utf8mb4 */;
CREATE TABLE `transaccions` (
  `id` bigint unsigned NOT NULL AUTO_INCREMENT,
  `created_at` timestamp NULL DEFAULT NULL,
  `updated_at` timestamp NULL DEFAULT NULL,
  PRIMARY KEY (`id`)
) ENGINE=InnoDB DEFAULT CHARSET=utf8mb4 COLLATE=utf8mb4_unicode_ci;
/*!40101 SET character_set_client = @saved_cs_client */;

--
-- Dumping data for table `transaccions`
--

LOCK TABLES `transaccions` WRITE;
/*!40000 ALTER TABLE `transaccions` DISABLE KEYS */;
/*!40000 ALTER TABLE `transaccions` ENABLE KEYS */;
UNLOCK TABLES;

--
-- Table structure for table `users`
--

DROP TABLE IF EXISTS `users`;
/*!40101 SET @saved_cs_client     = @@character_set_client */;
/*!50503 SET character_set_client = utf8mb4 */;
CREATE TABLE `users` (
  `id` bigint unsigned NOT NULL AUTO_INCREMENT,
  `username` varchar(255) COLLATE utf8mb4_unicode_ci NOT NULL,
  `email_verified_at` timestamp NULL DEFAULT NULL,
  `password` varchar(255) COLLATE utf8mb4_unicode_ci NOT NULL,
  `remember_token` varchar(100) COLLATE utf8mb4_unicode_ci DEFAULT NULL,
  `created_at` timestamp NULL DEFAULT NULL,
  `updated_at` timestamp NULL DEFAULT NULL,
  `persona_id` bigint unsigned DEFAULT NULL,
  `rol` varchar(255) COLLATE utf8mb4_unicode_ci NOT NULL DEFAULT 'user',
  PRIMARY KEY (`id`),
  KEY `users_persona_id_foreign` (`persona_id`),
  CONSTRAINT `users_persona_id_foreign` FOREIGN KEY (`persona_id`) REFERENCES `personas` (`id`)
) ENGINE=InnoDB AUTO_INCREMENT=161 DEFAULT CHARSET=utf8mb4 COLLATE=utf8mb4_unicode_ci;
/*!40101 SET character_set_client = @saved_cs_client */;

--
-- Dumping data for table `users`
--

LOCK TABLES `users` WRITE;
/*!40000 ALTER TABLE `users` DISABLE KEYS */;
INSERT INTO `users` VALUES (1,'Annalise',NULL,'$2y$12$iiG0SbrUsdIeoSr2nBHJyuzzwgpyndsM.kHn7ZUeP6TfqhU/fGu2m',NULL,'2024-05-05 06:55:08','2024-05-05 10:11:06',2,'admin'),(2,'Johan',NULL,'$2y$12$8QAoKRTeQq2PlJ6noQ4oY.4BOM7T9BhwXSmPV6Xx/3752GgXFZNca',NULL,'2024-05-05 06:55:08','2024-05-06 17:55:38',3,'director bancario'),(3,'Tracey',NULL,'$2y$12$LdP9WWHlcS.ySxSeTGEdxObJhjxHqvXxepLq3SL0YV/RRMb34XtXa',NULL,'2024-05-05 06:55:08','2024-05-05 06:55:08',4,'user'),(4,'Ken',NULL,'$2y$12$EoP/OU.Uhpq7rfNGn.1t/ehugXBTwIDzU2gYJ80Ksxx2tANMp.ndO',NULL,'2024-05-05 06:55:08','2024-05-05 11:55:52',5,'director bancario'),(5,'Cynthia',NULL,'$2y$12$RrK96rvALay99zGAEsyRG.l3JzE2CqUFQRjhhSBHRfTeuHzRe3guK',NULL,'2024-05-05 06:55:09','2024-05-05 06:55:09',6,'user'),(6,'Raphael',NULL,'$2y$12$2mg3uzqQR8k7wvBlqlZYqualwRephgEDeS46FbnYdOe91NhZpahSG',NULL,'2024-05-05 06:55:09','2024-05-05 06:55:09',7,'user'),(7,'Sherwood',NULL,'$2y$12$pWOZWVYVlpBfUBn4tHJTB.COv2By5.TSf8MV/Yi1f.5zXKC0iN8PC',NULL,'2024-05-05 06:55:09','2024-05-05 06:55:09',8,'user'),(8,'Helene',NULL,'$2y$12$H0jS81PF.FZhxI5VsWiHNuYn4X0ljtnywUj6JK7mJ5.B.kuo010.6',NULL,'2024-05-05 06:55:09','2024-05-05 06:55:09',9,'user'),(9,'Khalid',NULL,'$2y$12$DxdzzwrZgP55slkjvEMEQOqx1GzbNcH3QmFgGa.o1UzyoRe3Idz6W',NULL,'2024-05-05 06:55:10','2024-05-05 06:55:10',10,'user'),(10,'Andrew',NULL,'$2y$12$KtsMnla4TqXnuyIp30zx2O1/xwtMHx/Tjy6s.nWI4xmMGS7lvQjOi',NULL,'2024-05-05 06:55:10','2024-05-05 06:55:10',11,'user'),(11,'Bella',NULL,'$2y$12$4K2P80nJ3CxaBcSGhgwYF.n2P5vcheKSg.Z5MjcgXoxER8vYGEUhm',NULL,'2024-05-05 06:55:10','2024-05-05 06:55:10',12,'user'),(12,'Clinton',NULL,'$2y$12$k/MkhF/v6lsGXG5q6ljwz.OkhXB/jRcFi9biUASDbrBgOG1lauO32',NULL,'2024-05-05 06:55:10','2024-05-05 06:55:10',13,'user'),(13,'Luz',NULL,'$2y$12$wd648YMjHFmTBGsjYyZZlu0pTGHgJRha/9aJURTUlgldBhLlZaivi',NULL,'2024-05-05 06:55:11','2024-05-05 06:55:11',14,'user'),(14,'Luna',NULL,'$2y$12$NJt6vS7aG/ltlcEZHEtmKeGgroKtwHUrgEEN6kBygULDiQb2EUzim',NULL,'2024-05-05 06:55:11','2024-05-05 06:55:11',15,'user'),(15,'Barney',NULL,'$2y$12$sHn9Yw.vSmeUceVkAXBCcutaJoFwh4gJieZNtRIRF2WtgH1sqpwy.',NULL,'2024-05-05 06:55:11','2024-05-05 06:55:11',16,'user'),(16,'Angela',NULL,'$2y$12$I7pUQE1nM8r38cmHTf24C.o7LScvY8bE55CVtKCIJzc6MMdPagHMq',NULL,'2024-05-05 06:55:11','2024-05-05 06:55:11',17,'user'),(17,'Lolita',NULL,'$2y$12$XBYoPEmBsAMRi9ugOL.A8uioDnXN4iQfNt8wMc9hx9OrIpioety7S',NULL,'2024-05-05 06:55:12','2024-05-05 06:55:12',18,'user'),(18,'Norene',NULL,'$2y$12$iDK2HZMXtzRMZlZiMGvTse38LDPE0o5ZMC1Zq9UY9NJ5QX.ZifgJu',NULL,'2024-05-05 06:55:12','2024-05-05 06:55:12',19,'user'),(19,'Darrell',NULL,'$2y$12$i52t3tltDaBqg1mdN/ZqB.FiCrK2t9k2Ix2oP1SpAqSW/5sD5Qg2W',NULL,'2024-05-05 06:55:12','2024-05-05 06:55:12',20,'user'),(20,'Abner',NULL,'$2y$12$r/JEdnNzAPdAC1/Yz/bIoul5PS.YgnhCCl1OzMLrU1NKACrrtNyMa',NULL,'2024-05-05 06:55:12','2024-05-05 06:55:12',21,'user'),(21,'Nina',NULL,'$2y$12$BnvUP3K10NkVK9XNzlzH5ef2KxDzonLvCssJGEyTi72OVAjaxIb8K',NULL,'2024-05-05 06:55:13','2024-05-05 06:55:13',22,'user'),(22,'Donna',NULL,'$2y$12$Q96cGH7c3rYDhszdLBYBZu/fAbxJSPaZeSF2Rx0FwYDgpcCrtkCkW',NULL,'2024-05-05 06:55:13','2024-05-05 06:55:13',23,'user'),(23,'Sonia',NULL,'$2y$12$8aoUlSeNh7VY7tEIwALZq.zzTxFW4CJ7jHmzFqm8s0nlg0QePWH1C',NULL,'2024-05-05 06:55:13','2024-05-05 06:55:13',24,'user'),(24,'Myah',NULL,'$2y$12$zqZVSkOeux7u9Xkbr64ku.XGo3Gpqya/9X7cUnYLuxrrDZzK1j3qO',NULL,'2024-05-05 06:55:14','2024-05-05 06:55:14',25,'user'),(25,'Oma',NULL,'$2y$12$ZE6/DRxDzas59/1yKShvVe4s81zTbxjLbZd/tOPyXjZzzEDS8j.KW',NULL,'2024-05-05 06:55:14','2024-05-05 06:55:14',26,'user'),(26,'Cary',NULL,'$2y$12$0rkhomppYyEjrkBVhxCjxe4EDGidBbjXTQ2qMDX.jSaZdwwgb0yxW',NULL,'2024-05-05 06:55:15','2024-05-05 06:55:15',27,'user'),(27,'Tiara',NULL,'$2y$12$8z9gDjTd2p6w9MqVJ4QNxuFDXoGx0.eytR7B0WdGG3zwkPM4cIS3G',NULL,'2024-05-05 06:55:15','2024-05-05 06:55:15',28,'user'),(28,'Kaylie',NULL,'$2y$12$foW/DOGMJ0tFOZ5R3guOAeasEsZaTljFonTEdGy7SwIYqG.r5cS6.',NULL,'2024-05-05 06:55:15','2024-05-05 06:55:15',29,'user'),(29,'Bridie',NULL,'$2y$12$4fDuM0lgrAX0RolarqxSP.ux4q.w5PvP0IQ//v/yJpnIDvdmRH4cO',NULL,'2024-05-05 06:55:16','2024-05-05 06:55:16',30,'user'),(30,'Lorenzo',NULL,'$2y$12$qPuNVU84mabbBhPnbEq5sepmMWEOFQNvA5Ab.FX3.RoIjMBfg4AeO',NULL,'2024-05-05 06:55:16','2024-05-05 06:55:16',31,'user'),(31,'Tito',NULL,'$2y$12$hicitmb.YzNd5rkl9c9WMu5Av67sah4GUbUjROFa4WZY7hyJ92bo.',NULL,'2024-05-05 06:55:17','2024-05-05 06:55:17',32,'user'),(32,'Moses',NULL,'$2y$12$DVaubYKfe0jLBtZwjjurL..HwZig3IP5ozkk66jKEcQgwJ86rRpy6',NULL,'2024-05-05 06:55:18','2024-05-05 06:55:18',33,'user'),(33,'Collin',NULL,'$2y$12$exqQD0.g0IzDwMfPeHTJL.rAKhUUraSEPpI.kY0T7eN1Z1LOQxAJO',NULL,'2024-05-05 06:55:19','2024-05-05 06:55:19',34,'user'),(34,'Ocie',NULL,'$2y$12$iOQZsNiVwsL9wNfzM9bXvedjW/pg3dj1dvuaWmXCeCGWBRsNMem9y',NULL,'2024-05-05 06:55:19','2024-05-05 06:55:19',35,'user'),(35,'Scarlett',NULL,'$2y$12$V5Mn2XFxWq/kmvyVOKWK/uYvkytWoz87NrxpdtCvYAM0FjtbfQIc.',NULL,'2024-05-05 06:55:20','2024-05-05 06:55:20',36,'user'),(36,'Britney',NULL,'$2y$12$TCgMUOJlvqOq3N5LhrNU7ePYXUciSAZ663lZTmZyjoJT/dLAYamSi',NULL,'2024-05-05 06:55:21','2024-05-05 06:55:21',37,'user'),(37,'Jessy',NULL,'$2y$12$535Kyr2z2ueTYyZNXkrnM.6F.2ZxLPdByFYLGh3VwfCOSCgIYJTsK',NULL,'2024-05-05 06:55:21','2024-05-05 06:55:21',38,'user'),(38,'Frederick',NULL,'$2y$12$90GqE0hKJX4ubTR7.m73M.nC5R3i7eyA.q7HomtUuHaOKr6PZwCCO',NULL,'2024-05-05 06:55:22','2024-05-05 06:55:22',39,'user'),(39,'Mervin',NULL,'$2y$12$tm.Rm7Ro8x.iS9uWY1kMPuxH.SVLmyg2nyHm8CPhctfX9pVu/a3SO',NULL,'2024-05-05 06:55:22','2024-05-05 06:55:22',40,'user'),(40,'Barney',NULL,'$2y$12$jbFCfyDhc9SlR9oZJEGQ2.3OfyDfqMrdymsuADW.LiOIIF46kmMGe',NULL,'2024-05-05 06:55:23','2024-05-05 06:55:23',41,'user'),(41,'Julia',NULL,'$2y$12$bvfqj909nJmHaYwEQBJC7uJeeMrYb4S4fbBfZeOjeRtyk/ICwsnR6',NULL,'2024-05-05 06:55:24','2024-05-05 06:55:24',42,'user'),(42,'Lessie',NULL,'$2y$12$A8FUNWEMZLehUCTvoQZSZOMUxhTACbU0hqL6dJYJGO6e0IwbkUEIO',NULL,'2024-05-05 06:55:24','2024-05-05 06:55:24',43,'user'),(43,'Cydney',NULL,'$2y$12$kdQ9/Osn7l3mK5oIN.G7te/wrhbkkRcpZOz6vMWc4Tz4ve5ICgYey',NULL,'2024-05-05 06:55:25','2024-05-05 06:55:25',44,'user'),(44,'Dejon',NULL,'$2y$12$tQ2x//Nmzq8dM6y66V0jnOb/BjWGb9ciDa91QLpfZphgeEmshSdk6',NULL,'2024-05-05 06:55:25','2024-05-05 06:55:25',45,'user'),(45,'Nicolette',NULL,'$2y$12$kHCKEbEV6r9oRGKQaYomJu8Vo9i488N.UTR.uwc7DpZmcgr0Mk3hS',NULL,'2024-05-05 06:55:26','2024-05-05 06:55:26',46,'user'),(46,'Tyrese',NULL,'$2y$12$sTUzuyeTYOu1XYiCR71WfuZV19JnaZ6kmRie/1vC4hBv/KnClGEAa',NULL,'2024-05-05 06:55:26','2024-05-05 06:55:26',47,'user'),(47,'Alana',NULL,'$2y$12$fn/BKsvvpDMVwdqn5f2RRuIaJzBxbZjDovHkCa/YPNVgfQlORGBRW',NULL,'2024-05-05 06:55:27','2024-05-05 06:55:27',48,'user'),(48,'Leone',NULL,'$2y$12$s.Mh6bnmuEpv4QsTkSbVsu4DYlXVHbA3Wsgm48Qsds7KDDiHczAky',NULL,'2024-05-05 06:55:28','2024-05-05 06:55:28',49,'user'),(49,'Lorenza',NULL,'$2y$12$60a7ScFvDU4ZJTImpciGBe08q.lel01b62rU7U/X77k1HlrBXuTgC',NULL,'2024-05-05 06:55:28','2024-05-05 06:55:28',50,'user'),(50,'Judge',NULL,'$2y$12$GvnyaV11MEb.FORx5j7N9uHAUoqv23KorGiECuv2/M/OcVmh/Hz1S',NULL,'2024-05-05 06:55:30','2024-05-05 06:55:30',51,'user'),(51,'Prudence',NULL,'$2y$12$w0l/4netRPGG6fEqdvy8Pecu7ABvjZvQJDfHmfB6qMdQ.E2IfpSDK',NULL,'2024-05-05 06:55:30','2024-05-05 06:55:30',52,'user'),(52,'Eliseo',NULL,'$2y$12$dlaBh8nYm6iAOK8r1u7lSOq1StYxcEIWyDEzs96ZwjS7DfVhisKD2',NULL,'2024-05-05 06:55:31','2024-05-05 06:55:31',53,'user'),(53,'Drake',NULL,'$2y$12$0u5lXrMSZSvO5PSnWemyO.4oqEcNL3y29xVjUaIyrFzNJ6SMttLne',NULL,'2024-05-05 06:55:31','2024-05-05 06:55:31',54,'user'),(54,'Viola',NULL,'$2y$12$6eG8.0Fd/rDqG7QWY/dCL.vgvyzKowcnTqGi5ZsDcLtC9hIt1Tn4W',NULL,'2024-05-05 06:55:32','2024-05-05 06:55:32',55,'user'),(55,'May',NULL,'$2y$12$GpVr8h4.pIqJNWMDo42K9OQHnA.D0gAb/2EPUpoJgxpS08./Z7Vd2',NULL,'2024-05-05 06:55:33','2024-05-05 06:55:33',56,'user'),(56,'Leonardo',NULL,'$2y$12$Pz.Tc30IL7jVSLElMtnjo.cvcNFUXceC56fhzyFJ0NjU6/3S7TVxK',NULL,'2024-05-05 06:55:33','2024-05-05 06:55:33',57,'user'),(57,'Archibald',NULL,'$2y$12$WelmiDjjzH2INUpK83Zv2uvE1AcuQaHpgx.LZ1.OwhFs9zQRSKxny',NULL,'2024-05-05 06:55:34','2024-05-05 06:55:34',58,'user'),(58,'Lucio',NULL,'$2y$12$qQG/iUxCL7/vxw0sdyH.jOa68EvUvULV9GeHXmVlekN86r2.mPCKG',NULL,'2024-05-05 06:55:34','2024-05-05 06:55:34',59,'user'),(59,'Matteo',NULL,'$2y$12$LaWr0.c2erLrSkHbfc.n1eRH.ZtZrQTRWbImHK9Iz1rFFslM2wlH.',NULL,'2024-05-05 06:55:35','2024-05-05 06:55:35',60,'user'),(60,'Payton',NULL,'$2y$12$ehSYRjmCRyLRa3jZKNtaN.d9gCxQ8fKn5aNjck9luyVHpIhPzkbVq',NULL,'2024-05-05 06:55:36','2024-05-05 06:55:36',61,'user'),(61,'Else',NULL,'$2y$12$FvTTag7a0/4UgVezgV3S4eFUV/9iMw0fYSzzeRDRyKRAiLyFHtqw2',NULL,'2024-05-05 06:55:36','2024-05-05 06:55:36',62,'user'),(62,'Trey',NULL,'$2y$12$Hpzp64eTer1KANaQ0QDkTuLEMWKHUBnPxH71NCE.NgbCDHJczzKuW',NULL,'2024-05-05 06:55:37','2024-05-05 06:55:37',63,'user'),(63,'Elijah',NULL,'$2y$12$ZP11BPzhsQkNjnfvMwx.T.lcXvlEH87.i0DS1ZCiryjjLfz2sUcvy',NULL,'2024-05-05 06:55:37','2024-05-05 06:55:37',64,'user'),(64,'Vivianne',NULL,'$2y$12$oCO0XZSOkkKfEMxHwlrNyOIcUMkHv3uPrFopsrqRMu/CLUo6hepqG',NULL,'2024-05-05 06:55:38','2024-05-05 06:55:38',65,'user'),(65,'Tia',NULL,'$2y$12$VpnntG/eRTImJTvnpRFTiuaOuNCatuQiHdu3oJJMAvNIgwESsO/au',NULL,'2024-05-05 06:55:39','2024-05-05 06:55:39',66,'user'),(66,'Brandyn',NULL,'$2y$12$Ut23Rd4JUCKx47D9bQLWqub5Utzy80wrqoAXI6ieP0JIeWOsy4Whm',NULL,'2024-05-05 06:55:39','2024-05-05 06:55:39',67,'user'),(67,'Laurie',NULL,'$2y$12$1EPrRMLeBdoaL3Iy71p/JeON7s1L.mRmIPq1e.rdW8Vu4X6QBl0/O',NULL,'2024-05-05 06:55:40','2024-05-05 06:55:40',68,'user'),(68,'Roosevelt',NULL,'$2y$12$Ha08X8LuwxCm4q9wTlJpvOBl5LnCapE2.m6jCfI/Ui3AqI5MjewJ6',NULL,'2024-05-05 06:55:41','2024-05-05 06:55:41',69,'user'),(69,'Anabelle',NULL,'$2y$12$z4F6AN9yvIKTdTrXLzrBJukXOkNz.fkATco/qqilq/lfBjiuxUEN6',NULL,'2024-05-05 06:55:41','2024-05-05 06:55:41',70,'user'),(70,'Eryn',NULL,'$2y$12$v.O9n7V3Qr1SF7M3gc2CUuJwfgeuQA0IOFqGjsF.NsWIBcBUP.s.S',NULL,'2024-05-05 06:55:42','2024-05-05 06:55:42',71,'user'),(71,'Keshawn',NULL,'$2y$12$wsc24x9UVHk0efpQjLvM3uuekN8KQ2TJ44zg588PbiEUwO86CCeYq',NULL,'2024-05-05 06:55:43','2024-05-05 06:55:43',72,'user'),(72,'Junius',NULL,'$2y$12$dseaSF5.YLRq60naHA9GFOieULne2i5wbr40wB1EWF9u/duDuzB86',NULL,'2024-05-05 06:55:43','2024-05-05 06:55:43',73,'user'),(73,'Joanie',NULL,'$2y$12$eGnYfgKpQhjUCiU/F8xT/O0MmHU5bLKPhHZiTdsTxkZktirkWKVdy',NULL,'2024-05-05 06:55:44','2024-05-05 06:55:44',74,'user'),(74,'Odessa',NULL,'$2y$12$ONrPEi.16k57nVhnptxrAuesgJOSg8s4FIaLFUswCvfua0TxTy1x.',NULL,'2024-05-05 06:55:45','2024-05-05 06:55:45',75,'user'),(75,'Forrest',NULL,'$2y$12$0/9k4P9C0Pkyf4Z1HXAl0.zd/xjKmcf1OZluggE5iaYlMsC5KtIYi',NULL,'2024-05-05 06:55:45','2024-05-05 06:55:45',76,'user'),(76,'Brian',NULL,'$2y$12$tZBL6v2mEC63VqynZw6Ku.mJoTfZE249QuDiRpYFGh8zJogsRa3W.',NULL,'2024-05-05 06:55:46','2024-05-05 06:55:46',77,'user'),(77,'Carli',NULL,'$2y$12$oYHfnNa4BTvmanqjs70v8Ov0vmuMINKeyn4zDxUMqxO3fd9Hxoddq',NULL,'2024-05-05 06:55:46','2024-05-05 06:55:46',78,'user'),(78,'Stephania',NULL,'$2y$12$7mfoXtCMYdEtkfLbnvS5Z.eM9vyOLRqzAHF.pLDfjqD4vVsrcE2Xi',NULL,'2024-05-05 06:55:47','2024-05-05 06:55:47',79,'user'),(79,'Gillian',NULL,'$2y$12$mabAZSgML3lsSfzsUTaXh.riyNHJPonHZx8NLbyPicDHbp7u9bBg2',NULL,'2024-05-05 06:55:47','2024-05-05 06:55:47',80,'user'),(80,'Myra',NULL,'$2y$12$XD/WogjOCO/RQ7kFOoHKr.TZdGIlJDQbEocbD6BtNZZnZBINol/D2',NULL,'2024-05-05 06:55:48','2024-05-05 06:55:48',81,'user'),(81,'Marlee',NULL,'$2y$12$diOh9DXtovTBDvNGswmX4exoVbakdTCgwoq42HkJsaxi.sxrQvozi',NULL,'2024-05-05 06:55:49','2024-05-05 06:55:49',82,'user'),(82,'Katelin',NULL,'$2y$12$nTrq4fSVaRjqh12ADoHtCupn4M/LiK7f9SITtEJxtnSBF7zmDF.7C',NULL,'2024-05-05 06:55:50','2024-05-05 06:55:50',83,'user'),(83,'Jaden',NULL,'$2y$12$ltjxa..4Sqti5thzclts/u3SIXs1.UIo8lyY6LLHnpHnxcMgD07gq',NULL,'2024-05-05 06:55:52','2024-05-05 06:55:52',84,'user'),(84,'Dustin',NULL,'$2y$12$wsjiHbgQQQU6TJBz3kjhq.74rNTNZ1rjw2Axg1XSovxWN5ZjocsKG',NULL,'2024-05-05 06:55:53','2024-05-05 06:55:53',85,'user'),(85,'Aletha',NULL,'$2y$12$.On1krQKWcP1GgyFBkzHa.jU4UXx1HroJNRBf3s6EYj/EkU3rL0S.',NULL,'2024-05-05 06:55:54','2024-05-05 06:55:54',86,'user'),(86,'Amy',NULL,'$2y$12$Kb.JbbVHBLq383.c7UhUmeT3EqB53PhwDIk5PXfJBkfaDV5/pJIeW',NULL,'2024-05-05 06:55:55','2024-05-05 06:55:55',87,'user'),(87,'Anabelle',NULL,'$2y$12$eM2fvR7rJ5dKHJ9oGXnAS.WtHkzjDFz.0Id/tg0GkOjs.nKuVquhi',NULL,'2024-05-05 06:55:55','2024-05-05 06:55:55',88,'user'),(88,'Juston',NULL,'$2y$12$8TwkSEpbfo49ZAGSGz7Lhu01wCDkYaUxth5ctMhBC17W19EBfsrVO',NULL,'2024-05-05 06:55:56','2024-05-05 06:55:56',89,'user'),(89,'Lavon',NULL,'$2y$12$nKBOhoI8GRYuJZOKeSC33.B4sH.s0VSdybuZZh9nJYd70OzgqpFRG',NULL,'2024-05-05 06:55:56','2024-05-05 06:55:56',90,'user'),(90,'Clare',NULL,'$2y$12$XE3qFi829TpRiGZgNKHrQ.mo7Aeh64HSypbAcGHE9QdU98NKmfIfC',NULL,'2024-05-05 06:55:57','2024-05-05 06:55:57',91,'user'),(91,'Shaylee',NULL,'$2y$12$PSroUVg48yOF0/epJndR/OdqMHO/dknkgaI21fdb0wf7DdcLJS6Fu',NULL,'2024-05-05 06:55:58','2024-05-05 06:55:58',92,'user'),(92,'Vivianne',NULL,'$2y$12$QRb/S/ZJAv8Z8IcqmHHUaupUx.ABnKFuofYQARrSd/0BpAI50T2RK',NULL,'2024-05-05 06:55:58','2024-05-05 06:55:58',93,'user'),(93,'Elwyn',NULL,'$2y$12$YkSMfS1AXhnns/7zxVErBeQ.5qtQXTSWLn/v3DhJuczYyukYKT8Yy',NULL,'2024-05-05 06:55:59','2024-05-05 06:55:59',94,'user'),(94,'Alena',NULL,'$2y$12$LkXK0v725ZISTQvmJadpWeCcxcAsi90o3ljjp8oE/ryfuZMYhKzJu',NULL,'2024-05-05 06:56:00','2024-05-05 06:56:00',95,'user'),(95,'Lucius',NULL,'$2y$12$sh5eSMSDNC0G4u3NFqCyQe9pViV.sn.hEBzwGQBkhaCcB59ZR0sf.',NULL,'2024-05-05 06:56:00','2024-05-05 06:56:00',96,'user'),(96,'Una',NULL,'$2y$12$dzlkiSGTZ37sXwMw4HFIi.hJh3ZRU1YUqDAAmcM92RX0.UXJ9QMkC',NULL,'2024-05-05 06:56:01','2024-05-05 06:56:01',97,'user'),(97,'Reta',NULL,'$2y$12$BkFRCWBxUrzsJNCGAy9H9Ohc2ciN9MluBKKu5zcR6tpZp/IbRrnFS',NULL,'2024-05-05 06:56:01','2024-05-05 06:56:01',98,'user'),(98,'Jakob',NULL,'$2y$12$HAo2fbcOnN7Qyjsy4ElHyea8gJc2a2OwuLcOVaQMFd1RITejPSCNW',NULL,'2024-05-05 06:56:02','2024-05-05 06:56:02',99,'user'),(99,'Veronica',NULL,'$2y$12$U0QsAYADkqcplcojN5tt9OdPYu1IEbCcQAYihwGXnYyCvL3069snK',NULL,'2024-05-05 06:56:03','2024-05-05 06:56:03',100,'user'),(100,'Yolanda',NULL,'$2y$12$Xd6Su9J0/4R6Takc8AgUgehC667eI5BEXsNZm.8of1jSpyP6z3VWO',NULL,'2024-05-05 06:56:03','2024-05-05 06:56:03',101,'user'),(101,'Rudolph',NULL,'$2y$12$WD59boMywAkCn1R9EReqtu9aR/KiBwrTE0MQDxPzi6/.MjWbOBRnW',NULL,'2024-05-05 06:56:04','2024-05-05 06:56:04',102,'user'),(102,'Fletcher',NULL,'$2y$12$gYknbNLifW6y3J2JWsn93e7yqUEBk6UduVnP/h4tl.zXIU672TUji',NULL,'2024-05-05 06:56:05','2024-05-05 06:56:05',103,'user'),(103,'Milford',NULL,'$2y$12$9TVpnmSmpXtitFQj1cPUN.vcfDSHGfKbK29jGWNtoTKEWtG2e93Pi',NULL,'2024-05-05 06:56:05','2024-05-05 06:56:05',104,'user'),(104,'Nathanial',NULL,'$2y$12$CjVEBTObcKJ45Rsh5WZT7.2ktRQFbY41dvf0cHi.L3o2pPD6AeSlW',NULL,'2024-05-05 06:56:06','2024-05-05 06:56:06',105,'user'),(105,'Amanda',NULL,'$2y$12$Ki87TMfoqXAsNODOLG2BmOlwWTGTnoXh3Lle6k5xaJvwQK0YZh1jK',NULL,'2024-05-05 06:56:07','2024-05-05 06:56:07',106,'user'),(106,'Itzel',NULL,'$2y$12$bEQk27yuMulTtYGvx4EpFOcYI3Ho1FZncidcCDcIY6FtYW8gP2YRi',NULL,'2024-05-05 06:56:07','2024-05-05 06:56:07',107,'user'),(107,'Willie',NULL,'$2y$12$5ncCglqahKAtagF92GB4SuFlU2logsrCvrOzR48ohzWTl4DpuBu4.',NULL,'2024-05-05 06:56:08','2024-05-05 06:56:08',108,'user'),(108,'Ricky',NULL,'$2y$12$aAAE2oxXUAl1YXGgnnieguNzMFtacDV/yYayuSIbIgtV0pq1J0Y2y',NULL,'2024-05-05 06:56:09','2024-05-05 06:56:09',109,'user'),(109,'Kristoffer',NULL,'$2y$12$IEgyKlbdRfh45fDQGHtuo.EMtpFHVmOYkCPQxf5fpFU515O4k01wi',NULL,'2024-05-05 06:56:09','2024-05-05 06:56:09',110,'user'),(110,'Gordon',NULL,'$2y$12$ikA8glwjdXWu.fAtiqcS5.pm8U3Ex1Dwwe4VDS.yWMAW/8n2c5uEO',NULL,'2024-05-05 06:56:10','2024-05-05 06:56:10',111,'user'),(111,'Fredy',NULL,'$2y$12$idzmZJ65Fhqi0Yy3TnbBUuMKgp/eyhzA3Qc97BjIkCWfpjBWGhZ4C',NULL,'2024-05-05 06:56:10','2024-05-05 06:56:10',112,'user'),(112,'Curt',NULL,'$2y$12$8ti37L0CdnqqmDlLy2ApZuRQI.N/HteXwlMZYVbFdQsY9YH2CPY3y',NULL,'2024-05-05 06:56:11','2024-05-05 06:56:11',113,'user'),(113,'Savanah',NULL,'$2y$12$TK1xxfaALU6W.1Fwm40xwefvrTi.mBNRDngzml09MCm/sIHPJsGYy',NULL,'2024-05-05 06:56:12','2024-05-05 06:56:12',114,'user'),(114,'Shanie',NULL,'$2y$12$YChU0KrXPOgFJtp45o6CgeshHVYjnAimC.ozLJl4V4lQ0gCB/16RG',NULL,'2024-05-05 06:56:12','2024-05-05 06:56:12',115,'user'),(115,'Timmothy',NULL,'$2y$12$l8qB63rS/syVwSPMtuXFheZYOFJxHQ9IvpCFVp/WkyRHM3gIx7bxu',NULL,'2024-05-05 06:56:13','2024-05-05 06:56:13',116,'user'),(116,'Doug',NULL,'$2y$12$yG4/F1jA9ukC7cmvoWQqX.zsGixRoTpru.otgPE2CD1cZxG0A8nNi',NULL,'2024-05-05 06:56:13','2024-05-05 06:56:13',117,'user'),(117,'Velma',NULL,'$2y$12$MSrlu93GAWDJdKf/Iiacm.jAScpD2GoX1DiLM0FC2u3EZ5kDSuzQ2',NULL,'2024-05-05 06:56:14','2024-05-05 06:56:14',118,'user'),(118,'Cydney',NULL,'$2y$12$lD8/njDiQAihdXpHVlrol.T1t5FVYx6Tw3eq56YONpPC469ylTUgS',NULL,'2024-05-05 06:56:15','2024-05-05 06:56:15',119,'user'),(119,'Sylvia',NULL,'$2y$12$eIjrYVMXNVqikQXsNn0oZ.vC7MeYpCHcWWv7jne/GlXjx22UmhO.2',NULL,'2024-05-05 06:56:15','2024-05-05 06:56:15',120,'user'),(120,'Providenci',NULL,'$2y$12$RM2js42bCuJXlnh9V9lDI.v4Ao0ggzRRL8QpdIUcMZ125UgERSBrO',NULL,'2024-05-05 06:56:16','2024-05-05 06:56:16',121,'user'),(121,'Ted',NULL,'$2y$12$cgmjNPaIqYCOGS/3i/V/mO8IR2plergZkzVgGdDEJkTvC9.7dCMT2',NULL,'2024-05-05 06:56:17','2024-05-05 06:56:17',122,'user'),(122,'Aliyah',NULL,'$2y$12$1Ti10J3dvJXiuwe93wzITO2nO9RRVsC4RRKvL9.ZamL.mZ6SQ75UC',NULL,'2024-05-05 06:56:17','2024-05-05 06:56:17',123,'user'),(123,'Sven',NULL,'$2y$12$Tya268c61T53jGfYfcy5H.shodPfByrHzEMUE7e7w9k/t4FXFcC0y',NULL,'2024-05-05 06:56:18','2024-05-05 06:56:18',124,'user'),(124,'Kylee',NULL,'$2y$12$GWY83A73MSEmeuz4CH3RS.BqYBJYQwXJ6bQ2pxSXZZYgWetU1dIoG',NULL,'2024-05-05 06:56:18','2024-05-05 06:56:18',125,'user'),(125,'Terrance',NULL,'$2y$12$p0HvOMNSzxw.l3T3Ul7MoOhsDAGLNgfgjrDVeh118Q9/Zf9sM0VuK',NULL,'2024-05-05 06:56:19','2024-05-05 06:56:19',126,'user'),(126,'Clotilde',NULL,'$2y$12$DAUFPOWzYwEOwWKWLfp13.EK1ZLUKACceRGoz5wTkE6RM5u.0mQPO',NULL,'2024-05-05 06:56:20','2024-05-05 06:56:20',127,'user'),(127,'Maiya',NULL,'$2y$12$MTkOhB96h3x0KztlAMIgXOgpzwfU4m3vIJ0vtqtvIQb7i6/79iC/a',NULL,'2024-05-05 06:56:20','2024-05-05 06:56:20',128,'user'),(128,'Stacy',NULL,'$2y$12$viz7gHZnqaRYnNs3gx0MDOclcK50IxLMySOy.V40yBpzeRmwzCHCi',NULL,'2024-05-05 06:56:21','2024-05-05 06:56:21',129,'user'),(129,'Lizeth',NULL,'$2y$12$6.RQrkVNEYwvJh6peRLu/eJ3g8FVbspHrg6jfH/8q8WilkTCSMZF2',NULL,'2024-05-05 06:56:21','2024-05-05 06:56:21',130,'user'),(130,'Duane',NULL,'$2y$12$ewaSJODXnxm9K6Z4DdWQfuagO1QLb62uPsV95Af8ygyZtP22vAUNK',NULL,'2024-05-05 06:56:22','2024-05-05 06:56:22',131,'user'),(131,'Juvenal',NULL,'$2y$12$9kenqTVJ4OvTP0.A6HkOm.3zodUHBafWmuyyG6Ih7B8.M64drDuqC',NULL,'2024-05-05 06:56:23','2024-05-05 06:56:23',132,'user'),(132,'Deshaun',NULL,'$2y$12$zxKnlpT1t/O9qYeDsIZHxu1ZbVzmvxOnlO2mCskjpOrMQTExf4Gu.',NULL,'2024-05-05 06:56:23','2024-05-05 06:56:23',133,'user'),(133,'Annetta',NULL,'$2y$12$tGnBn5mXZiDIK8HRjb.Pb.4sBJ3Uw3kfFr6s0MqZm8hvcbSfQAbAK',NULL,'2024-05-05 06:56:24','2024-05-05 06:56:24',134,'user'),(134,'Filomena',NULL,'$2y$12$UcodRaLrd5ZHylvQ3CMMse5ThEi1MrDTiS3af9vO3c7a0XXzIbNuC',NULL,'2024-05-05 06:56:24','2024-05-05 06:56:24',135,'user'),(135,'Noah',NULL,'$2y$12$M1WnbSpQQbzs.o2mJ28wGe13AqJ9IHFloaZCmdoGWsaG817wj977O',NULL,'2024-05-05 06:56:25','2024-05-05 06:56:25',136,'user'),(136,'Douglas',NULL,'$2y$12$0509UEpq04DdN5Os6kJGAuRzcdItf6SVYVKH7XYr6wG2XRZI9LIOO',NULL,'2024-05-05 06:56:26','2024-05-05 06:56:26',137,'user'),(137,'Mckenzie',NULL,'$2y$12$h1XBfoaI/ljxygT18OgWy.kULU7nyug04xv7Fw8TGmlvT8BBHiG5i',NULL,'2024-05-05 06:56:26','2024-05-05 06:56:26',138,'user'),(138,'Zoey',NULL,'$2y$12$3WYiQ/fjjtTnMQy3FF2K3uBBr6VFRcyeAdIeuMP3hQBzKC6RFYisq',NULL,'2024-05-05 06:56:27','2024-05-05 06:56:27',139,'user'),(139,'Alda',NULL,'$2y$12$SME2KjufzVEqhDeHU5lKVuodf7E1J41L93W6OlF8madRcygQMD5MK',NULL,'2024-05-05 06:56:28','2024-05-05 06:56:28',140,'user'),(140,'Christ',NULL,'$2y$12$KIrqqJtd1aXZ0Jzq3xEB7eNMn1D6ubl/P6O5IT93gDhoafY1X6fiK',NULL,'2024-05-05 06:56:28','2024-05-05 06:56:28',141,'user'),(141,'Amina',NULL,'$2y$12$6f/axKmK5lKLv/HhFw9CoeHCfNWxu.owv9xGCgxvTz0omXEHtXuKO',NULL,'2024-05-05 06:56:29','2024-05-05 06:56:29',142,'user'),(142,'Orpha',NULL,'$2y$12$7Qk2h.RC981QCIBtvNIXcuh3n84YDo3I/9qHu8vP0TpLQI1A1S2XK',NULL,'2024-05-05 06:56:29','2024-05-05 06:56:29',143,'user'),(143,'Israel',NULL,'$2y$12$fa1tFUbMaz92C8R2b0RNy..F5LuEh.k./rsJ5FEhL/boGnGK/9Uve',NULL,'2024-05-05 06:56:30','2024-05-05 06:56:30',144,'user'),(144,'Carol',NULL,'$2y$12$wZ5AiFt3nZXl0UW4WDupoeI1YVOTDS38GKMn.2iziLwsJzQFvYqmq',NULL,'2024-05-05 06:56:31','2024-05-05 06:56:31',145,'user'),(145,'Iva',NULL,'$2y$12$3V/3twiB3UScHEJ4l0KGA.0bsIHMy89U4eVTDMHmcrVYoReqaLeIm',NULL,'2024-05-05 06:56:31','2024-05-05 06:56:31',146,'user'),(146,'Dock',NULL,'$2y$12$EnyZLEG4IEsF.V/WZGympOdgHCgSrA8ET243HdoEQXYdtnipJz0/G',NULL,'2024-05-05 06:56:32','2024-05-05 06:56:32',147,'user'),(147,'Darren',NULL,'$2y$12$XJ2QJ.fyP6U2rLWOIF97qO2DUmogpzcpXAQv8Y5aTj3huCfwm7gAi',NULL,'2024-05-05 06:56:33','2024-05-05 06:56:33',148,'user'),(148,'Abigail',NULL,'$2y$12$ezNHyG41MsGYxpB6t0jts.JiyTJuwlaYnk.C9lqG8AHgCUosUI.nC',NULL,'2024-05-05 06:56:34','2024-05-05 06:56:34',149,'user'),(149,'Constantin',NULL,'$2y$12$Hd8QG509.B0B2USN93mQXOj7dAu77WOvwXOPOnMNqXIPCowsxc9p.',NULL,'2024-05-05 06:56:34','2024-05-05 06:56:34',150,'user'),(150,'Eldora',NULL,'$2y$12$XTkv0Qm/IVSYcx9ox43YyOL1h9LHGfmetFX/2pgZmG9q8N8yN9o3e',NULL,'2024-05-05 06:56:35','2024-05-05 06:56:35',151,'user'),(151,'Kelvin',NULL,'$2y$12$oRte/zJXzwmQggRLTTkV.OaCD3vzqdpx/bp4QS.toWKGWlXfbXByO',NULL,'2024-05-05 06:56:36','2024-05-05 06:56:36',152,'user'),(152,'Adeline',NULL,'$2y$12$GnHNKIASN8zYwWQwGsXQS.U/a4JOAVp0zjW/8RQ17Glj.5J0886.q',NULL,'2024-05-05 06:56:36','2024-05-05 06:56:36',153,'user'),(153,'Merritt',NULL,'$2y$12$NGjvn0pP1zQRVzHWEZ4AyuXs0abmXLrAY7TViG7weYyCbamE75ysW',NULL,'2024-05-05 06:56:37','2024-05-05 06:56:37',154,'user'),(154,'Dovie',NULL,'$2y$12$c03B0Hfxwd12nruYZFlPMOUKpdZBBb0CghIuIrFk4UXg7V06ixW7a',NULL,'2024-05-05 06:56:37','2024-05-05 06:56:37',155,'user'),(155,'Jany',NULL,'$2y$12$SaC.O67CyCTVI516Eqk3n.abP3kWSg3H92tpl2vLnp4k2H7NzKuXa',NULL,'2024-05-05 06:56:38','2024-05-05 06:56:38',156,'user'),(156,'Nigel',NULL,'$2y$12$pcJdA/0o5gj0uJXGnOKeiOLBVMJp/H9aTjLjmoqqGBXE.JuIRNOhW',NULL,'2024-05-05 06:56:39','2024-05-05 06:56:39',157,'user'),(157,'Ana',NULL,'$2y$12$1qQ/S4ZV4YFVDmWOJTaXreUcSlhNqs.LVPE8UQXJ8PUmiG25lpInC',NULL,'2024-05-05 06:56:39','2024-05-05 06:56:39',158,'user'),(158,'Maria',NULL,'$2y$12$Hkd59YKHeg5tC5U1jENVyOJ8Uj1OgFjQYZS6tIET8RQNMp5M/Ao4i',NULL,'2024-05-05 06:56:40','2024-05-05 06:56:40',159,'user'),(160,'adminuser',NULL,'$2y$12$BZkPH4lWDZ4Ubh6G6t04jOW7QfMpFi8EYQHKyCCEYy7EMMk.v.yzK',NULL,NULL,NULL,2,'admin');
/*!40000 ALTER TABLE `users` ENABLE KEYS */;
UNLOCK TABLES;
/*!40103 SET TIME_ZONE=@OLD_TIME_ZONE */;

/*!40101 SET SQL_MODE=@OLD_SQL_MODE */;
/*!40014 SET FOREIGN_KEY_CHECKS=@OLD_FOREIGN_KEY_CHECKS */;
/*!40014 SET UNIQUE_CHECKS=@OLD_UNIQUE_CHECKS */;
/*!40101 SET CHARACTER_SET_CLIENT=@OLD_CHARACTER_SET_CLIENT */;
/*!40101 SET CHARACTER_SET_RESULTS=@OLD_CHARACTER_SET_RESULTS */;
/*!40101 SET COLLATION_CONNECTION=@OLD_COLLATION_CONNECTION */;
/*!40111 SET SQL_NOTES=@OLD_SQL_NOTES */;

-- Dump completed on 2024-05-06 13:18:01
